servicio_id,solicitud,proyecto,estado_solicitud,tipo_contrato,descripcion,unidad,cantidad,precio_unitario_cop,precio_total_cop,ihpsc_candidato,ihpsc_definitivo,decidido_por
GAP-HR-0001-0001,GAP-HR-0001,cr_unicef_gestion_resulta_2025,Processed,OS,Produccion de cinco (5) videos animados,Videos animados,5.0,2120000.0,10600000.0,AUP-ANV Video Animado,,
GAP-HR-0002-0003,GAP-HR-0002,co_csj_rama_judicial_2025,Processed,PS,"Objeto del contrato: Desarrollo académico, técnico y pedagógico de las Unidades Mínimas de Aprendizaje (UMA) que conforman los cursos del Ciclo de Formación Especializado en Género e Interseccionalidad de la Rama Judicial, garantizando la calidad, pertinencia y coherencia del ciclo formativo, así como su alineación con el diagnóstico de necesidades formativas, el Modelo Pedagógico 2020 de la Escuela Judicial Rodrigo Lara Bonilla (EJRLB) y los estándares nacionales e internacionales en materia de género, interseccionalidad y derechos humanos.  Actividades específicas: Elaborar el contenido académico central de cada UMA asignada, garantizando rigor conceptual, normativo y jurisprudencial; actualización normativa y jurisprudencial; integración transversal del enfoque de género, interseccionalidad y enfoque diferencial; pertinencia para el contexto judicial colombiano y para los perfiles destinatarios del curso; y claridad, coherencia interna y adecuación al nivel formativo (básico, intermedio o avanzado). El contenido deberá traducir marcos teóricos y jurídicos complejos en explicaciones accesibles, contextualizadas y aplicables a la práctica judicial. Desarrollar la estructura pedagógica completa de la UMA, incluyendo actividades de apertura (sensibilización, observación, análisis inicial), actividades de conexión emocional y reflexión profunda, actividades de aplicación práctica (casos, ejercicios, simulaciones, matrices), actividades de cierre orientadas a la acción y transformación institucional. Las actividades deben ser pertinentes, realistas, aplicables y diferenciadas según el perfil del público objetivo, y plantearse en coherencia con el marco pedagógico que fundamenta el proyecto (la Teoría U, las dimensiones de los Objetivos de Desarrollo Interior y el Modelo Pedagógico de la Escuela Judicial “Rodrigo Lara Bonilla”). Elaborar los recursos instruccionales necesarios para la implementación de la UMA, como por ejemplo la guía de didáctica completa de la UMA y los demás necesarios para el montaje de la UMA en el aula virtual. Desarrollar los instrumentos de evaluación, incluyendo evaluaciones formativas (preguntas con retroalimentación, ejercicios guiados, autoevaluaciones); evaluaciones sumativas (casos integradores, ejercicios de aplicación, rúbricas de desempeño), y criterios de evaluación claros, verificables y alineados con los objetivos de aprendizaje. Las evaluaciones deberán medir tanto conocimientos como habilidades, actitudes y capacidades procedimentales. Participar en espacios de validación y articulación para presentar y sustentar las decisiones pedagógicas y conceptuales de la UMA e incorporar los ajustes solicitados por cada UMA, para asegurar la coherencia curricular.",Autoría finalizada con previa aprobación de Innovahub y nuestra contraparte de Gobierno,1.0,4500000.0,4500000.0,ELS-CYD-AUT Autoría de curso,,
GAP-HR-0003-0006,GAP-HR-0003,co_csj_rama_judicial_2025,Processed,PS,"Objeto del contrato:
Desarrollo académico, técnico y pedagógico de las Unidades Mínimas de Aprendizaje (UMA) que conforman los cursos del Ciclo de Formación Especializado en Género e Interseccionalidad de la Rama Judicial, garantizando la calidad, pertinencia y coherencia del ciclo formativo, así como su alineación con el diagnóstico de necesidades formativas, el Modelo Pedagógico 2020 de la Escuela Judicial Rodrigo Lara Bonilla (EJRLB) y los estándares nacionales e internacionales en materia de género, interseccionalidad y derechos humanos.

Actividades específicas:
Elaborar el contenido académico central de cada UMA asignada, garantizando rigor conceptual, normativo y jurisprudencial; actualización normativa y jurisprudencial; integración transversal del enfoque de género, interseccionalidad y enfoque diferencial; pertinencia para el contexto judicial colombiano y para los perfiles destinatarios del curso; y claridad, coherencia interna y adecuación al nivel formativo (básico, intermedio o avanzado). El contenido deberá traducir marcos teóricos y jurídicos complejos en explicaciones accesibles, contextualizadas y aplicables a la práctica judicial.
Desarrollar la estructura pedagógica completa de la UMA, incluyendo actividades de apertura (sensibilización, observación, análisis inicial), actividades de conexión emocional y reflexión profunda, actividades de aplicación práctica (casos, ejercicios, simulaciones, matrices), actividades de cierre orientadas a la acción y transformación institucional. Las actividades deben ser pertinentes, realistas, aplicables y diferenciadas según el perfil del público objetivo, y plantearse en coherencia con el marco pedagógico que fundamenta el proyecto (la Teoría U, las dimensiones de los Objetivos de Desarrollo Interior y el Modelo Pedagógico de la Escuela Judicial “Rodrigo Lara Bonilla”).
Elaborar los recursos instruccionales necesarios para la implementación de la UMA, como por ejemplo la guía de didáctica completa de la UMA y los demás necesarios para el montaje de la UMA en el aula virtual.
Desarrollar los instrumentos de evaluación, incluyendo evaluaciones formativas (preguntas con retroalimentación, ejercicios guiados, autoevaluaciones); evaluaciones sumativas (casos integradores, ejercicios de aplicación, rúbricas de desempeño), y criterios de evaluación claros, verificables y alineados con los objetivos de aprendizaje. Las evaluaciones deberán medir tanto conocimientos como habilidades, actitudes y capacidades procedimentales.
Participar en espacios de validación y articulación para presentar y sustentar las decisiones pedagógicas y conceptuales de la UMA e incorporar los ajustes solicitados por cada UMA, para asegurar la coherencia curricular.",Autoría finalizada con previa aprobación de Innovahub y nuestra contraparte de Gobierno,1.0,4500000.0,4500000.0,ELS-CYD-AUT Autoría de curso,,
GAP-HR-0004-0008,GAP-HR-0004,co_giz_ambiente_2025,Processed,OS,Diseño instruccional,OVAs,10.0,408000.0,4080000.0,ELS-CYD-AUT Autoría de curso,,
GAP-HR-0004-0009,GAP-HR-0004,co_giz_ambiente_2025,Processed,OS,Guión instruccional de infografías en PDF,Infografía PDF,16.0,60000.0,960000.0,DLR-INF Infografía,,
GAP-HR-0004-0010,GAP-HR-0004,co_giz_ambiente_2025,Processed,OS,Guión de infografía interactiva,Infografía interactiva,4.0,120000.0,480000.0,DLR-INF Infografía,,
GAP-HR-0003-0011,GAP-HR-0003,co_csj_rama_judicial_2025,Processed,PS,"Objeto del contrato:
Desarrollo académico, técnico y pedagógico de las Unidades Mínimas de Aprendizaje (UMA) que conforman los cursos del Ciclo de Formación Especializado en Género e Interseccionalidad de la Rama Judicial, garantizando la calidad, pertinencia y coherencia del ciclo formativo, así como su alineación con el diagnóstico de necesidades formativas, el Modelo Pedagógico 2020 de la Escuela Judicial Rodrigo Lara Bonilla (EJRLB) y los estándares nacionales e internacionales en materia de género, interseccionalidad y derechos humanos.

Actividades específicas:
Elaborar el contenido académico central de cada UMA asignada, garantizando rigor conceptual, normativo y jurisprudencial; actualización normativa y jurisprudencial; integración transversal del enfoque de género, interseccionalidad y enfoque diferencial; pertinencia para el contexto judicial colombiano y para los perfiles destinatarios del curso; y claridad, coherencia interna y adecuación al nivel formativo (básico, intermedio o avanzado). El contenido deberá traducir marcos teóricos y jurídicos complejos en explicaciones accesibles, contextualizadas y aplicables a la práctica judicial.
Desarrollar la estructura pedagógica completa de la UMA, incluyendo actividades de apertura (sensibilización, observación, análisis inicial), actividades de conexión emocional y reflexión profunda, actividades de aplicación práctica (casos, ejercicios, simulaciones, matrices), actividades de cierre orientadas a la acción y transformación institucional. Las actividades deben ser pertinentes, realistas, aplicables y diferenciadas según el perfil del público objetivo, y plantearse en coherencia con el marco pedagógico que fundamenta el proyecto (la Teoría U, las dimensiones de los Objetivos de Desarrollo Interior y el Modelo Pedagógico de la Escuela Judicial “Rodrigo Lara Bonilla”).
Elaborar los recursos instruccionales necesarios para la implementación de la UMA, como por ejemplo la guía de didáctica completa de la UMA y los demás necesarios para el montaje de la UMA en el aula virtual.
Desarrollar los instrumentos de evaluación, incluyendo evaluaciones formativas (preguntas con retroalimentación, ejercicios guiados, autoevaluaciones); evaluaciones sumativas (casos integradores, ejercicios de aplicación, rúbricas de desempeño), y criterios de evaluación claros, verificables y alineados con los objetivos de aprendizaje. Las evaluaciones deberán medir tanto conocimientos como habilidades, actitudes y capacidades procedimentales.
Participar en espacios de validación y articulación para presentar y sustentar las decisiones pedagógicas y conceptuales de la UMA e incorporar los ajustes solicitados por cada UMA, para asegurar la coherencia curricular.",Autoría finalizada con previa aprobación de Innovahub y nuestra contraparte de Gobierno,1.0,4500000.0,4500000.0,ELS-CYD-AUT Autoría de curso,,
GAP-HR-0005-0012,GAP-HR-0005,co_csj_rama_judicial_2025,Processed,PS,"Actividades específicas del equipo de Asesoría y Producción Pedagógica
Revisión y alistamiento de insumos del proyecto
 Revisar diagnóstico de necesidades formativas, lineamientos de la EJRLB, perfiles de destinatarios, alcance del ciclo, y documentación técnica disponible; identificar vacíos y requerimientos pedagógicos para la construcción de los syllabus.

Diseño de arquitectura curricular del ciclo (coherencia entre cursos)
 Construir y documentar una matriz de coherencia curricular del ciclo (propósito del ciclo, competencias, resultados de aprendizaje, progresión por niveles si aplica, ejes temáticos y articulación entre cursos) para evitar duplicidades, vacíos y contradicciones.

Definición/ajuste de plantilla y estándar de syllabus
 Elaborar y socializar un formato único de syllabus (estructura, criterios de redacción, enfoque pedagógico, estándares de evaluación, bibliografía mínima, enfoque diferencial, lenguaje claro e inclusivo), y guiar su adopción por todas las personas del equipo.

Elaboración de los 4 syllabus (versión completa)
 Producir para cada curso un syllabus que incluya, como mínimo: propósito, justificación, público objetivo, prerrequisitos (si aplica), competencias/resultados de aprendizaje, enfoque metodológico, estructura por unidades/UMA (títulos, secuencia, tiempos), estrategias didácticas, estrategia de evaluación (formativa/sumativa), criterios e instrumentos, bibliografía y recursos.

Alineación pedagógica con el Modelo EJRLB y el marco metodológico del proyecto
 Verificar y ajustar los syllabus para que sean consistentes con el Modelo Pedagógico 2020 y el enfoque definido (p. ej., Teoría U / aprendizaje experiencial, reflexión–acción, transferencia a práctica judicial), garantizando pertinencia institucional y aplicabilidad.

Integración transversal de interseccionalidad y enfoque diferencial en los syllabus
 Incorporar de forma explícita (no solo declarativa) criterios y contenidos para: identificación de desigualdades, análisis contextual, grupos y factores de discriminación, debida diligencia, enfoques diferenciales relevantes para la Rama Judicial, y orientación a decisiones judiciales con enfoque de derechos.

Articulación técnica con autoras/ expertas temáticas (acompañamiento y retroalimentación)
 Brindar asesoría experta pedagógica a las autoras para traducir contenidos complejos a resultados de aprendizaje, actividades y evaluaciones; emitir retroalimentación estructurada (observaciones, mejoras, ajustes por coherencia y nivel), y acordar cambios.

Revisión de consistencia entre syllabus y UMAs (control de calidad curricular)
 Realizar control de calidad para asegurar que: objetivos–contenidos–actividades–evaluación estén alineados; que cada UMA responda al syllabus; que el nivel sea consistente (básico/intermedio/avanzado si aplica); y que existan criterios verificables de logro.

Diseño/afinación de estrategia de evaluación por curso
 Proponer o consolidar para cada syllabus: tipos de evaluación, evidencias de aprendizaje, ponderaciones si aplica, criterios de desempeño y lineamientos de retroalimentación; asegurar medición de conocimientos, habilidades y aplicación práctica en contexto judicial.

Acompañamiento y facilitación de talleres de validación de syllabus
 Preparar agenda, materiales y guías de discusión; participar activamente (y si corresponde, facilitar) los talleres con actores clave; recoger observaciones; promover acuerdos; y orientar ajustes con criterios pedagógicos y de coherencia curricular.

Sistematización de comentarios y gestión de versiones
 Consolidar observaciones de validación en una matriz de ajustes (qué se solicita, quién lo solicita, decisión técnica, cambio implementado, evidencia); administrar control de versiones y trazabilidad de cambios hasta cierre.

Ajuste final y entrega de los 4 syllabus (versión aprobable)
 Incorporar ajustes priorizados, realizar edición pedagógica final (claridad, secuencia, consistencia terminológica), y entregar los syllabus en el formato requerido por la EJRLB (y en versión lista para montaje, si aplica).

Producción de insumos complementarios para implementación (si se requiere en el contrato)
 Elaborar o consolidar: mapa del curso, cronograma sugerido, orientaciones para tutoría/mediación, lista de recursos, y recomendaciones para virtualización (estructura en aula virtual, secuencia didáctica, tiempos y evidencias).

Participación en reuniones de coordinación y articulación
 Asistir a reuniones convocadas por la supervisión/interventoría y el equipo del proyecto; preparar insumos; presentar avances; sustentar decisiones pedagógicas; y levantar acuerdos y pendientes asociados a los syllabus.

Informe de avance y cierre
 Presentar informes breves (según periodicidad definida) que incluyan: estado de cada syllabus, riesgos/bloqueos, decisiones pedagógicas clave, ajustes derivados de validación y estado de aprobaciones; entregar informe final de resultados.",Pendiente,1.0,12000000.0,12000000.0,CPM-EAS Asesoría Experta,,
GAP-HR-0006-0013,GAP-HR-0006,co_csj_rama_judicial_2025,Cancelled,PS,"Objeto del contrato:
Desarrollo académico, técnico y pedagógico de las Unidades Mínimas de Aprendizaje (UMA) que conforman los cursos del Ciclo de Formación Especializado en Género e Interseccionalidad de la Rama Judicial, garantizando la calidad, pertinencia y coherencia del ciclo formativo, así como su alineación con el diagnóstico de necesidades formativas, el Modelo Pedagógico 2020 de la Escuela Judicial Rodrigo Lara Bonilla (EJRLB) y los estándares nacionales e internacionales en materia de género, interseccionalidad y derechos humanos.

Actividades específicas:
Elaborar el contenido académico central de cada UMA asignada, garantizando rigor conceptual, normativo y jurisprudencial; actualización normativa y jurisprudencial; integración transversal del enfoque de género, interseccionalidad y enfoque diferencial; pertinencia para el contexto judicial colombiano y para los perfiles destinatarios del curso; y claridad, coherencia interna y adecuación al nivel formativo (básico, intermedio o avanzado). El contenido deberá traducir marcos teóricos y jurídicos complejos en explicaciones accesibles, contextualizadas y aplicables a la práctica judicial.
Desarrollar la estructura pedagógica completa de la UMA, incluyendo actividades de apertura (sensibilización, observación, análisis inicial), actividades de conexión emocional y reflexión profunda, actividades de aplicación práctica (casos, ejercicios, simulaciones, matrices), actividades de cierre orientadas a la acción y transformación institucional. Las actividades deben ser pertinentes, realistas, aplicables y diferenciadas según el perfil del público objetivo, y plantearse en coherencia con el marco pedagógico que fundamenta el proyecto (la Teoría U, las dimensiones de los Objetivos de Desarrollo Interior y el Modelo Pedagógico de la Escuela Judicial “Rodrigo Lara Bonilla”).
Elaborar los recursos instruccionales necesarios para la implementación de la UMA, como por ejemplo la guía de didáctica completa de la UMA y los demás necesarios para el montaje de la UMA en el aula virtual.
Desarrollar los instrumentos de evaluación, incluyendo evaluaciones formativas (preguntas con retroalimentación, ejercicios guiados, autoevaluaciones); evaluaciones sumativas (casos integradores, ejercicios de aplicación, rúbricas de desempeño), y criterios de evaluación claros, verificables y alineados con los objetivos de aprendizaje. Las evaluaciones deberán medir tanto conocimientos como habilidades, actitudes y capacidades procedimentales.
Participar en espacios de validación y articulación para presentar y sustentar las decisiones pedagógicas y conceptuales de la UMA e incorporar los ajustes solicitados por cada UMA, para asegurar la coherencia curricular.",Autoría finalizada con previa aprobación de Innovahub y nuestra contraparte de Gobierno,1.0,4500000.0,4500000.0,ELS-CYD-AUT Autoría de curso,,
GAP-HR-0006-0014,GAP-HR-0006,co_csj_rama_judicial_2025,Cancelled,PS,"Objeto del contrato:
Desarrollo académico, técnico y pedagógico de las Unidades Mínimas de Aprendizaje (UMA) que conforman los cursos del Ciclo de Formación Especializado en Género e Interseccionalidad de la Rama Judicial, garantizando la calidad, pertinencia y coherencia del ciclo formativo, así como su alineación con el diagnóstico de necesidades formativas, el Modelo Pedagógico 2020 de la Escuela Judicial Rodrigo Lara Bonilla (EJRLB) y los estándares nacionales e internacionales en materia de género, interseccionalidad y derechos humanos.

Actividades específicas:
Elaborar el contenido académico central de cada UMA asignada, garantizando rigor conceptual, normativo y jurisprudencial; actualización normativa y jurisprudencial; integración transversal del enfoque de género, interseccionalidad y enfoque diferencial; pertinencia para el contexto judicial colombiano y para los perfiles destinatarios del curso; y claridad, coherencia interna y adecuación al nivel formativo (básico, intermedio o avanzado). El contenido deberá traducir marcos teóricos y jurídicos complejos en explicaciones accesibles, contextualizadas y aplicables a la práctica judicial.
Desarrollar la estructura pedagógica completa de la UMA, incluyendo actividades de apertura (sensibilización, observación, análisis inicial), actividades de conexión emocional y reflexión profunda, actividades de aplicación práctica (casos, ejercicios, simulaciones, matrices), actividades de cierre orientadas a la acción y transformación institucional. Las actividades deben ser pertinentes, realistas, aplicables y diferenciadas según el perfil del público objetivo, y plantearse en coherencia con el marco pedagógico que fundamenta el proyecto (la Teoría U, las dimensiones de los Objetivos de Desarrollo Interior y el Modelo Pedagógico de la Escuela Judicial “Rodrigo Lara Bonilla”).
Elaborar los recursos instruccionales necesarios para la implementación de la UMA, como por ejemplo la guía de didáctica completa de la UMA y los demás necesarios para el montaje de la UMA en el aula virtual.
Desarrollar los instrumentos de evaluación, incluyendo evaluaciones formativas (preguntas con retroalimentación, ejercicios guiados, autoevaluaciones); evaluaciones sumativas (casos integradores, ejercicios de aplicación, rúbricas de desempeño), y criterios de evaluación claros, verificables y alineados con los objetivos de aprendizaje. Las evaluaciones deberán medir tanto conocimientos como habilidades, actitudes y capacidades procedimentales.
Participar en espacios de validación y articulación para presentar y sustentar las decisiones pedagógicas y conceptuales de la UMA e incorporar los ajustes solicitados por cada UMA, para asegurar la coherencia curricular.",Autoría finalizada con previa aprobación de Innovahub y nuestra contraparte de Gobierno,1.0,4500000.0,4500000.0,ELS-CYD-AUT Autoría de curso,,
GAP-HR-0007-0015,GAP-HR-0007,co_csj_rama_judicial_2025,Cancelled,PS,"Objeto del contrato:
Desarrollo académico, técnico y pedagógico de las Unidades Mínimas de Aprendizaje (UMA) que conforman los cursos del Ciclo de Formación Especializado en Género e Interseccionalidad de la Rama Judicial, garantizando la calidad, pertinencia y coherencia del ciclo formativo, así como su alineación con el diagnóstico de necesidades formativas, el Modelo Pedagógico 2020 de la Escuela Judicial Rodrigo Lara Bonilla (EJRLB) y los estándares nacionales e internacionales en materia de género, interseccionalidad y derechos humanos.

Actividades específicas:
Elaborar el contenido académico central de cada UMA asignada, garantizando rigor conceptual, normativo y jurisprudencial; actualización normativa y jurisprudencial; integración transversal del enfoque de género, interseccionalidad y enfoque diferencial; pertinencia para el contexto judicial colombiano y para los perfiles destinatarios del curso; y claridad, coherencia interna y adecuación al nivel formativo (básico, intermedio o avanzado). El contenido deberá traducir marcos teóricos y jurídicos complejos en explicaciones accesibles, contextualizadas y aplicables a la práctica judicial.
Desarrollar la estructura pedagógica completa de la UMA, incluyendo actividades de apertura (sensibilización, observación, análisis inicial), actividades de conexión emocional y reflexión profunda, actividades de aplicación práctica (casos, ejercicios, simulaciones, matrices), actividades de cierre orientadas a la acción y transformación institucional. Las actividades deben ser pertinentes, realistas, aplicables y diferenciadas según el perfil del público objetivo, y plantearse en coherencia con el marco pedagógico que fundamenta el proyecto (la Teoría U, las dimensiones de los Objetivos de Desarrollo Interior y el Modelo Pedagógico de la Escuela Judicial “Rodrigo Lara Bonilla”).
Elaborar los recursos instruccionales necesarios para la implementación de la UMA, como por ejemplo la guía de didáctica completa de la UMA y los demás necesarios para el montaje de la UMA en el aula virtual.
Desarrollar los instrumentos de evaluación, incluyendo evaluaciones formativas (preguntas con retroalimentación, ejercicios guiados, autoevaluaciones); evaluaciones sumativas (casos integradores, ejercicios de aplicación, rúbricas de desempeño), y criterios de evaluación claros, verificables y alineados con los objetivos de aprendizaje. Las evaluaciones deberán medir tanto conocimientos como habilidades, actitudes y capacidades procedimentales.
Participar en espacios de validación y articulación para presentar y sustentar las decisiones pedagógicas y conceptuales de la UMA e incorporar los ajustes solicitados por cada UMA, para asegurar la coherencia curricular.",Autoría finalizada con previa aprobación de Innovahub y nuestra contraparte de Gobierno,1.0,4500000.0,4500000.0,ELS-CYD-AUT Autoría de curso,,
GAP-HR-0007-0016,GAP-HR-0007,co_csj_rama_judicial_2025,Cancelled,PS,"Objeto del contrato:
Desarrollo académico, técnico y pedagógico de las Unidades Mínimas de Aprendizaje (UMA) que conforman los cursos del Ciclo de Formación Especializado en Género e Interseccionalidad de la Rama Judicial, garantizando la calidad, pertinencia y coherencia del ciclo formativo, así como su alineación con el diagnóstico de necesidades formativas, el Modelo Pedagógico 2020 de la Escuela Judicial Rodrigo Lara Bonilla (EJRLB) y los estándares nacionales e internacionales en materia de género, interseccionalidad y derechos humanos.

Actividades específicas:
Elaborar el contenido académico central de cada UMA asignada, garantizando rigor conceptual, normativo y jurisprudencial; actualización normativa y jurisprudencial; integración transversal del enfoque de género, interseccionalidad y enfoque diferencial; pertinencia para el contexto judicial colombiano y para los perfiles destinatarios del curso; y claridad, coherencia interna y adecuación al nivel formativo (básico, intermedio o avanzado). El contenido deberá traducir marcos teóricos y jurídicos complejos en explicaciones accesibles, contextualizadas y aplicables a la práctica judicial.
Desarrollar la estructura pedagógica completa de la UMA, incluyendo actividades de apertura (sensibilización, observación, análisis inicial), actividades de conexión emocional y reflexión profunda, actividades de aplicación práctica (casos, ejercicios, simulaciones, matrices), actividades de cierre orientadas a la acción y transformación institucional. Las actividades deben ser pertinentes, realistas, aplicables y diferenciadas según el perfil del público objetivo, y plantearse en coherencia con el marco pedagógico que fundamenta el proyecto (la Teoría U, las dimensiones de los Objetivos de Desarrollo Interior y el Modelo Pedagógico de la Escuela Judicial “Rodrigo Lara Bonilla”).
Elaborar los recursos instruccionales necesarios para la implementación de la UMA, como por ejemplo la guía de didáctica completa de la UMA y los demás necesarios para el montaje de la UMA en el aula virtual.
Desarrollar los instrumentos de evaluación, incluyendo evaluaciones formativas (preguntas con retroalimentación, ejercicios guiados, autoevaluaciones); evaluaciones sumativas (casos integradores, ejercicios de aplicación, rúbricas de desempeño), y criterios de evaluación claros, verificables y alineados con los objetivos de aprendizaje. Las evaluaciones deberán medir tanto conocimientos como habilidades, actitudes y capacidades procedimentales.
Participar en espacios de validación y articulación para presentar y sustentar las decisiones pedagógicas y conceptuales de la UMA e incorporar los ajustes solicitados por cada UMA, para asegurar la coherencia curricular.",Autoría finalizada con previa aprobación de Innovahub y nuestra contraparte de Gobierno,1.0,4500000.0,4500000.0,ELS-CYD-AUT Autoría de curso,,
GAP-HR-0006-0017,GAP-HR-0006,co_csj_rama_judicial_2025,Cancelled,PS,"Objeto del contrato:
Desarrollo académico, técnico y pedagógico de las Unidades Mínimas de Aprendizaje (UMA) que conforman los cursos del Ciclo de Formación Especializado en Género e Interseccionalidad de la Rama Judicial, garantizando la calidad, pertinencia y coherencia del ciclo formativo, así como su alineación con el diagnóstico de necesidades formativas, el Modelo Pedagógico 2020 de la Escuela Judicial Rodrigo Lara Bonilla (EJRLB) y los estándares nacionales e internacionales en materia de género, interseccionalidad y derechos humanos.

Actividades específicas:
Elaborar el contenido académico central de cada UMA asignada, garantizando rigor conceptual, normativo y jurisprudencial; actualización normativa y jurisprudencial; integración transversal del enfoque de género, interseccionalidad y enfoque diferencial; pertinencia para el contexto judicial colombiano y para los perfiles destinatarios del curso; y claridad, coherencia interna y adecuación al nivel formativo (básico, intermedio o avanzado). El contenido deberá traducir marcos teóricos y jurídicos complejos en explicaciones accesibles, contextualizadas y aplicables a la práctica judicial.
Desarrollar la estructura pedagógica completa de la UMA, incluyendo actividades de apertura (sensibilización, observación, análisis inicial), actividades de conexión emocional y reflexión profunda, actividades de aplicación práctica (casos, ejercicios, simulaciones, matrices), actividades de cierre orientadas a la acción y transformación institucional. Las actividades deben ser pertinentes, realistas, aplicables y diferenciadas según el perfil del público objetivo, y plantearse en coherencia con el marco pedagógico que fundamenta el proyecto (la Teoría U, las dimensiones de los Objetivos de Desarrollo Interior y el Modelo Pedagógico de la Escuela Judicial “Rodrigo Lara Bonilla”).
Elaborar los recursos instruccionales necesarios para la implementación de la UMA, como por ejemplo la guía de didáctica completa de la UMA y los demás necesarios para el montaje de la UMA en el aula virtual.
Desarrollar los instrumentos de evaluación, incluyendo evaluaciones formativas (preguntas con retroalimentación, ejercicios guiados, autoevaluaciones); evaluaciones sumativas (casos integradores, ejercicios de aplicación, rúbricas de desempeño), y criterios de evaluación claros, verificables y alineados con los objetivos de aprendizaje. Las evaluaciones deberán medir tanto conocimientos como habilidades, actitudes y capacidades procedimentales.
Participar en espacios de validación y articulación para presentar y sustentar las decisiones pedagógicas y conceptuales de la UMA e incorporar los ajustes solicitados por cada UMA, para asegurar la coherencia curricular.",Autoría finalizada con previa aprobación de Innovahub y nuestra contraparte de Gobiernoe,1.0,4500000.0,4500000.0,ELS-CYD-AUT Autoría de curso,,
GAP-HR-0008-0018,GAP-HR-0008,co_csj_rama_judicial_2025,Processed,OS,"1.1 Creación del proyecto en servidor
	•	Creación de nuevo proyecto en Google Cloud (o infraestructura definida).
	•	Configuración de servidor Linux (Unix).
	•	Definición de estructura de carpetas para Drupal y Moodle.

1.2 Instalación y configuración del servidor web
	•	Instalación y configuración de Apache 2.4.
	•	Configuración de Virtual Hosts para:
	•	Drupal
	•	Moodle
	•	Configuración básica de permisos de servidor.

1.3 Instalación y configuración de motor de base de datos
	•	Instalación de MySQL compatible con versión 5.5.3.
	•	Configuración de usuario y bases de datos independientes para:
	•	Drupal
	•	Moodle
	•	Validación de retrocompatibilidad si se requiere versión superior compatible.",producto,1.0,2000000.0,2000000.0,TIN / ELS Plataformas,,
GAP-HR-0008-0019,GAP-HR-0008,co_csj_rama_judicial_2025,Processed,OS,"2.1 Búsqueda y descarga de versión exacta
	•	Localización y descarga de Drupal versión 8.9.11.
	•	Validación de integridad del paquete.

2.2 Instalación limpia
	•	Instalación base sin backup.
	•	Configuración inicial del CMS.
	•	Configuración de conexión a base de datos.
	•	Verificación de funcionamiento.

2.3 Configuración base
	•	Configuración de:
	•	URL base
	•	Usuario administrador
	•	Permisos básicos
	•	Instalación sin plugins adicionales.
	•	Sin integraciones externas.

2.4 Validación
	•	Pruebas de acceso.
	•	Validación de estabilidad.
	•	Entrega de credenciales administrativas.",Servidor Google Cloud,1.0,2000000.0,2000000.0,TIN / ELS Plataformas,,
GAP-HR-0008-0020,GAP-HR-0008,co_csj_rama_judicial_2025,Processed,OS,"3.1 Descarga de versión exacta
	•	Instalación de Moodle 3.11 (Build 20210517).
	•	Validación de versión.

3.2 Instalación limpia
	•	Configuración de conexión a base de datos MySQL.
	•	Configuración inicial del LMS.
	•	Creación de usuario administrador.

3.3 Configuración base
	•	Ajustes básicos de seguridad.
	•	Configuración de:
	•	Cron
	•	Carpeta moodledata
	•	Sin instalación de plugins.
	•	Sin integración con SSO.
	•	Sin conexión con SGA.
	•	Sin Power BI.
	•	Sin Help Desk.

3.4 Validación
	•	Verificación de login.
	•	Validación de versión instalada.
	•	Confirmación de funcionamiento correcto.",Servidor Google Cloud,1.0,2000000.0,2000000.0,TIN / ELS Plataformas,,
GAP-HR-0009-0021,GAP-HR-0009,co_csj_rama_judicial_2025,Cancelled,OS,"Servicios de diseño UX/UI, desarrollo frontend en HTML estático con JavaScript, integración de Google Sheets como CMS para contenidos dinámicos, Google Forms para encuestas, Google Analytics 4 y GTM para analítica web, pruebas de funcionalidad y accesibilidad WCAG 2.1 AA, y entrega de paquete de publicación para el Micrositio Web Temático de la Escuela Judicial Rodrigo Lara Bonilla.",Micrositio,1.0,10000000.0,10000000.0,TIN / ELS Plataformas,,
GAP-HR-0010-0022,GAP-HR-0010,co_csj_rama_judicial_2025,Processed,OS,Desarrollo de Micrositio,Micrositio,1.0,12800000.0,12800000.0,,,
GAP-HR-0002-0019,GAP-HR-0002,co_csj_rama_judicial_2025,Processed,PS,"Objeto del contrato: Desarrollo académico, técnico y pedagógico de las Unidades Mínimas de Aprendizaje (UMA) que conforman los cursos del Ciclo de Formación Especializado en Género e Interseccionalidad de la Rama Judicial, garantizando la calidad, pertinencia y coherencia del ciclo formativo, así como su alineación con el diagnóstico de necesidades formativas, el Modelo Pedagógico 2020 de la Escuela Judicial Rodrigo Lara Bonilla (EJRLB) y los estándares nacionales e internacionales en materia de género, interseccionalidad y derechos humanos.  Actividades específicas: Elaborar el contenido académico central de cada UMA asignada, garantizando rigor conceptual, normativo y jurisprudencial; actualización normativa y jurisprudencial; integración transversal del enfoque de género, interseccionalidad y enfoque diferencial; pertinencia para el contexto judicial colombiano y para los perfiles destinatarios del curso; y claridad, coherencia interna y adecuación al nivel formativo (básico, intermedio o avanzado). El contenido deberá traducir marcos teóricos y jurídicos complejos en explicaciones accesibles, contextualizadas y aplicables a la práctica judicial. Desarrollar la estructura pedagógica completa de la UMA, incluyendo actividades de apertura (sensibilización, observación, análisis inicial), actividades de conexión emocional y reflexión profunda, actividades de aplicación práctica (casos, ejercicios, simulaciones, matrices), actividades de cierre orientadas a la acción y transformación institucional. Las actividades deben ser pertinentes, realistas, aplicables y diferenciadas según el perfil del público objetivo, y plantearse en coherencia con el marco pedagógico que fundamenta el proyecto (la Teoría U, las dimensiones de los Objetivos de Desarrollo Interior y el Modelo Pedagógico de la Escuela Judicial “Rodrigo Lara Bonilla”). Elaborar los recursos instruccionales necesarios para la implementación de la UMA, como por ejemplo la guía de didáctica completa de la UMA y los demás necesarios para el montaje de la UMA en el aula virtual. Desarrollar los instrumentos de evaluación, incluyendo evaluaciones formativas (preguntas con retroalimentación, ejercicios guiados, autoevaluaciones); evaluaciones sumativas (casos integradores, ejercicios de aplicación, rúbricas de desempeño), y criterios de evaluación claros, verificables y alineados con los objetivos de aprendizaje. Las evaluaciones deberán medir tanto conocimientos como habilidades, actitudes y capacidades procedimentales. Participar en espacios de validación y articulación para presentar y sustentar las decisiones pedagógicas y conceptuales de la UMA e incorporar los ajustes solicitados por cada UMA, para asegurar la coherencia curricular.",Autoría finalizada con previa aprobación de Innovahub y nuestra contraparte de Gobierno,1.0,4500000.0,4500000.0,ELS-CYD-AUT Autoría de curso,,
GAP-HR-0011-0020,GAP-HR-0011,co_csj_rama_judicial_2025,Processed,PS,"Objeto del contrato: Desarrollo académico, técnico y pedagógico de las Unidades Mínimas de Aprendizaje (UMA) que conforman los cursos del Ciclo de Formación Especializado en Género e Interseccionalidad de la Rama Judicial, garantizando la calidad, pertinencia y coherencia del ciclo formativo, así como su alineación con el diagnóstico de necesidades formativas, el Modelo Pedagógico 2020 de la Escuela Judicial Rodrigo Lara Bonilla (EJRLB) y los estándares nacionales e internacionales en materia de género, interseccionalidad y derechos humanos.  Actividades específicas: Elaborar el contenido académico central de cada UMA asignada, garantizando rigor conceptual, normativo y jurisprudencial; actualización normativa y jurisprudencial; integración transversal del enfoque de género, interseccionalidad y enfoque diferencial; pertinencia para el contexto judicial colombiano y para los perfiles destinatarios del curso; y claridad, coherencia interna y adecuación al nivel formativo (básico, intermedio o avanzado). El contenido deberá traducir marcos teóricos y jurídicos complejos en explicaciones accesibles, contextualizadas y aplicables a la práctica judicial. Desarrollar la estructura pedagógica completa de la UMA, incluyendo actividades de apertura (sensibilización, observación, análisis inicial), actividades de conexión emocional y reflexión profunda, actividades de aplicación práctica (casos, ejercicios, simulaciones, matrices), actividades de cierre orientadas a la acción y transformación institucional. Las actividades deben ser pertinentes, realistas, aplicables y diferenciadas según el perfil del público objetivo, y plantearse en coherencia con el marco pedagógico que fundamenta el proyecto (la Teoría U, las dimensiones de los Objetivos de Desarrollo Interior y el Modelo Pedagógico de la Escuela Judicial “Rodrigo Lara Bonilla”). Elaborar los recursos instruccionales necesarios para la implementación de la UMA, como por ejemplo la guía de didáctica completa de la UMA y los demás necesarios para el montaje de la UMA en el aula virtual. Desarrollar los instrumentos de evaluación, incluyendo evaluaciones formativas (preguntas con retroalimentación, ejercicios guiados, autoevaluaciones); evaluaciones sumativas (casos integradores, ejercicios de aplicación, rúbricas de desempeño), y criterios de evaluación claros, verificables y alineados con los objetivos de aprendizaje. Las evaluaciones deberán medir tanto conocimientos como habilidades, actitudes y capacidades procedimentales. Participar en espacios de validación y articulación para presentar y sustentar las decisiones pedagógicas y conceptuales de la UMA e incorporar los ajustes solicitados por cada UMA, para asegurar la coherencia curricular.",Autoría finalizada con previa aprobación de Innovahub y nuestra contraparte de Gobierno,1.0,4500000.0,4500000.0,ELS-CYD-AUT Autoría de curso,,
GAP-HR-0012-0021,GAP-HR-0012,co_csj_rama_judicial_2025,Processed,PS,"Objeto del contrato: Desarrollo académico, técnico y pedagógico de las Unidades Mínimas de Aprendizaje (UMA) que conforman los cursos del Ciclo de Formación Especializado en Género e Interseccionalidad de la Rama Judicial, garantizando la calidad, pertinencia y coherencia del ciclo formativo, así como su alineación con el diagnóstico de necesidades formativas, el Modelo Pedagógico 2020 de la Escuela Judicial Rodrigo Lara Bonilla (EJRLB) y los estándares nacionales e internacionales en materia de género, interseccionalidad y derechos humanos.  Actividades específicas: Elaborar el contenido académico central de cada UMA asignada, garantizando rigor conceptual, normativo y jurisprudencial; actualización normativa y jurisprudencial; integración transversal del enfoque de género, interseccionalidad y enfoque diferencial; pertinencia para el contexto judicial colombiano y para los perfiles destinatarios del curso; y claridad, coherencia interna y adecuación al nivel formativo (básico, intermedio o avanzado). El contenido deberá traducir marcos teóricos y jurídicos complejos en explicaciones accesibles, contextualizadas y aplicables a la práctica judicial. Desarrollar la estructura pedagógica completa de la UMA, incluyendo actividades de apertura (sensibilización, observación, análisis inicial), actividades de conexión emocional y reflexión profunda, actividades de aplicación práctica (casos, ejercicios, simulaciones, matrices), actividades de cierre orientadas a la acción y transformación institucional. Las actividades deben ser pertinentes, realistas, aplicables y diferenciadas según el perfil del público objetivo, y plantearse en coherencia con el marco pedagógico que fundamenta el proyecto (la Teoría U, las dimensiones de los Objetivos de Desarrollo Interior y el Modelo Pedagógico de la Escuela Judicial “Rodrigo Lara Bonilla”). Elaborar los recursos instruccionales necesarios para la implementación de la UMA, como por ejemplo la guía de didáctica completa de la UMA y los demás necesarios para el montaje de la UMA en el aula virtual. Desarrollar los instrumentos de evaluación, incluyendo evaluaciones formativas (preguntas con retroalimentación, ejercicios guiados, autoevaluaciones); evaluaciones sumativas (casos integradores, ejercicios de aplicación, rúbricas de desempeño), y criterios de evaluación claros, verificables y alineados con los objetivos de aprendizaje. Las evaluaciones deberán medir tanto conocimientos como habilidades, actitudes y capacidades procedimentales. Participar en espacios de validación y articulación para presentar y sustentar las decisiones pedagógicas y conceptuales de la UMA e incorporar los ajustes solicitados por cada UMA, para asegurar la coherencia curricular.",Autoría finalizada con previa aprobación de Innovahub y nuestra contraparte de Gobierno,1.0,4500000.0,4500000.0,ELS-CYD-AUT Autoría de curso,,
GAP-HR-0013-0022,GAP-HR-0013,co_csj_rama_judicial_2025,Processed,PS,Consultoría estratégica en UX/UI para la definición del diseño funcional del Micrositio Web Temático y acompañamiento en reuniones clave con la Escuela Judicial y su aliado tecnológico.,Mes de consultoría,1.0,2500000.0,2500000.0,TIN / ELS Plataformas,,
GAP-HR-0013-0023,GAP-HR-0013,co_csj_rama_judicial_2025,Processed,PS,"Consultoría estratégica en UX/UI para la validación del diseño gráfico y funcional del micrositio, y acompañamiento en la definición de la línea visual aplicada al ciclo de formación.",Mes de consultoría,1.0,2500000.0,2500000.0,DYA-PMD/CAM Piezas gráficas,,
GAP-HR-0013-0024,GAP-HR-0013,co_csj_rama_judicial_2025,Processed,PS,Consultoría estratégica en UX/UI para el acompañamiento del desarrollo del micrositio y la revisión de usabilidad de los entornos virtuales de aprendizaje del ciclo de formación.,Mes de consultoría,1.0,2500000.0,2500000.0,TIN / ELS Plataformas,,
GAP-HR-0013-0025,GAP-HR-0013,co_csj_rama_judicial_2025,Processed,PS,"Consultoría estratégica en UX/UI para el acompañamiento de las pruebas funcionales y de usabilidad, y soporte en la validación final de los productos del contrato previo a su entrega.",Mes de consultoría,1.0,2500000.0,2500000.0,CPM-EAS Asesoría Experta,,
GAP-HR-0014-0026,GAP-HR-0014,co_csj_rama_judicial_2025,Processed,PS,Consultoría en infraestructura tecnológica para la definición de variables técnicas y configuración inicial de los ambientes de desarrollo y pruebas (Drupal y Moodle) del Contrato 216 de 2025.,Mes de consultoría,1.0,500000.0,500000.0,TIN / ELS Plataformas,,
GAP-HR-0014-0027,GAP-HR-0014,co_csj_rama_judicial_2025,Processed,PS,Consultoría en infraestructura tecnológica para la configuración y puesta en funcionamiento de los ambientes de desarrollo y pruebas del ciclo de formación y del micrositio web temático.,Mes de consultoría,1.0,500000.0,500000.0,TIN / ELS Plataformas,,
GAP-HR-0014-0028,GAP-HR-0014,co_csj_rama_judicial_2025,Processed,PS,Consultoría en infraestructura tecnológica para el acompañamiento técnico en la definición del alcance del micrositio web temático y asesoría sobre restricciones y posibilidades de la infraestructura de la Escuela Judicial.,Mes de consultoría,1.0,500000.0,500000.0,TIN / ELS Plataformas,,
GAP-HR-0014-0029,GAP-HR-0014,co_csj_rama_judicial_2025,Processed,PS,"Consultoría en infraestructura tecnológica para el mantenimiento de los ambientes de desarrollo, actualización de configuraciones y soporte técnico durante la fase de virtualización de contenidos.",Mes de consultoría,1.0,500000.0,500000.0,TIN / ELS Plataformas,,
GAP-HR-0014-0030,GAP-HR-0014,co_csj_rama_judicial_2025,Processed,PS,Consultoría en infraestructura tecnológica para el soporte en la configuración de los 14 entornos virtuales de aprendizaje en Moodle y asesoría técnica para la integración de mecanismos de monitoreo y seguimiento.,Mes de consultoría,1.0,500000.0,500000.0,TIN / ELS Plataformas,,
GAP-HR-0014-0031,GAP-HR-0014,co_csj_rama_judicial_2025,Processed,PS,"Consultoría en infraestructura tecnológica para el soporte técnico durante las pruebas funcionales, de usabilidad y la prueba piloto del ciclo de formación en los ambientes de desarrollo y pruebas.",Mes de consultoría,1.0,500000.0,500000.0,CPM-EAS Asesoría Experta,,
GAP-HR-0015-0032,GAP-HR-0015,pa_caf_sistematiza_2026,Processed,OS,Dise;o de dos (2) OVAS con un total de 29 slides,1,2.0,350000.0,700000.0,DLR-OVA / ELS-CYD Desarrollo e-learning,,
GAP-HR-0016-0033,GAP-HR-0016,pa_caf_videos_comunidad_p_2025,Processed,OS,"Posproducción de tres videos en formato horizontal sobre el Resumen de LAComunidad 2025 en tres idiomas: español, portugués e inglés. Cada video con una duración aproximada de 2 minutos.",Posproducción de videos en formato horizontal.,3.0,600000.0,1800000.0,AUP-ANV Video Animado,,
GAP-HR-0016-0034,GAP-HR-0016,pa_caf_videos_comunidad_p_2025,Processed,OS,"Posproducción de tres videos en formato vertical sobre el Resumen de LAComunidad 2025 en tres idiomas: español, portugués e inglés. Cada video con una duración aproximada de 2 minutos.",Posproducción de videos en formato vertical.,3.0,600000.0,1800000.0,AUP-ANV Video Animado,,
GAP-HR-0017-0035,GAP-HR-0017,pa_caf_sistematiza_2026,Processed,OS,"Diagramación de documento de 36 páginas 
2 rondas de ajustes de ser necesarias. 
Entrega de editables",1,1.0,480000.0,480000.0,DLR-BDL Maquetación,,
GAP-HR-0018-0036,GAP-HR-0018,cr_unicef_lidera_clima_2026,Processed,OS,Diagnostico inicial del material de insumo del proyecto y elaboración del documento de autoria del curso,1,1.0,900.0,900.0,ELS-CYD-AUT Autoría de curso,,
GAP-HR-0019-0037,GAP-HR-0019,pa_caf_nooc_desafios_v1_2025,Processed,OS,Virtualización de 2 infografías interactivas en Genially,Infografía interactiva,2.0,410000.0,820000.0,DLR-INF Infografía,,
GAP-HR-0020-0038,GAP-HR-0020,pa_pnud_fondas_paz_2025,Processed,OS,Edición reels,Videos editados,3.0,500000.0,1500000.0,AUP-VID Video Institucional,,
GAP-HR-0021-0039,GAP-HR-0021,ven_unicef_social_policy_2024,Processed,OS,"Animación de un video de aproximadamente 10 min, basandose en el guion y storyboard proporcionado por InnovaHub.",Minutos,10.0,200000.0,2000000.0,AUP-ANV Video Animado,,
GAP-HR-0022-0040,GAP-HR-0022,cr_unfpa_materno_infantil_2026,Processed,OS,Guionización de OVAs,25 slides,5.0,600000.0,3000000.0,DLR-OVA / ELS-CYD Desarrollo e-learning,,
GAP-HR-0022-0041,GAP-HR-0022,cr_unfpa_materno_infantil_2026,Processed,OS,Guionización de videos animados,5,5.0,80000.0,400000.0,AUP-ANV Video Animado,,
GAP-HR-0022-0042,GAP-HR-0022,cr_unfpa_materno_infantil_2026,Processed,OS,Infografias interactivas de GEnially,3 slides,5.0,40000.0,200000.0,DLR-INF Infografía,,
GAP-HR-0022-0043,GAP-HR-0022,cr_unfpa_materno_infantil_2026,Processed,OS,Documentos descargables,5,5.0,40000.0,200000.0,ELS-CYD-AUT Autoría de curso,,
GAP-HR-0022-0044,GAP-HR-0022,cr_unfpa_materno_infantil_2026,Processed,OS,Guionización de audiocasos en el multiverso,2,2.0,50000.0,100000.0,,,
GAP-HR-0022-0045,GAP-HR-0022,cr_unfpa_materno_infantil_2026,Processed,OS,Guionización de Podcast tipo entrevista de 20 minutos,1,1.0,100000.0,100000.0,AUP-POD Pódcast,,
GAP-HR-0023-0046,GAP-HR-0023,nl_wwf_coursesweb_2026,Processed,OS,Acompañamiento a reuniones con el cliente y talleres en temas de desarrollo Web,2 horas,1.0,375000.0,375000.0,TIN / ELS Plataformas,,
GAP-HR-0024-0047,GAP-HR-0024,fji_pnud_pacwip_platform_2025,Processed,OS,Acompañamiento a reuniones con el cliente para taller sobre uso de la plataforma,1.5 horas,1.0,225000.0,225000.0,TIN / ELS Plataformas,,
GAP-HR-0025-0048,GAP-HR-0025,es_santillana_richmond_2026,Processed,OS,"Realización de la autoría (título del curso, objetivo de aprendizaje, temas y subtemas, desarrollo de contenido y cuestionario evaluativo) de 12 cursos en inglés para el proyecto Richmond de Santillana. Dentro de este proceso de autoría, se atenderán las sugerencias y ajustes que proponga la contraparte. 

Los nombres de los cursos son los siguientes: 
1. Reigniting Engagement in Lectures and Seminars
2. Comunicación interna en colegios
3. Comunicación en entornos virtuales
4. Curriculum design with a bilingual approach
5. Development of communicative skills through pedagogical models
6. Learning Analytics for Educators
7. Decision Making in Education with Data
8. Differentiating Learning Through Analytics
9. Active Methodologies
10. From the traditional classroom to a skills model (socio-emotional education)
11. AI: Responsible and ethical use
12. Maximizing the use of technology as a teacher's aide",Archivos en formato Word con el desarrollo de autorías para cursos en inglés.,12.0,750000.0,9000000.0,ELS-CYD-TRD Traducción,,
GAP-HR-0026-0049,GAP-HR-0026,pa_pnud_rblac_genambiente_2026,Processed,OS,Diseño y maquetación de un OVA de 20 slides,slides,20.0,30000.0,600000.0,DLR-BDL Maquetación,,
GAP-HR-0026-0050,GAP-HR-0026,pa_pnud_rblac_genambiente_2026,Processed,OS,Diagramación de dos documentos aproximadamente de 6 páginas,Documentos,2.0,100000.0,200000.0,DLR-BDL Maquetación,,
GAP-HR-0027-0051,GAP-HR-0027,fji_pnud_videos_2025,Processed,OS,Animación de un video de aproximadamente 1 minuto 20 segundos,Video,1.0,1100000.0,1100000.0,AUP-ANV Video Animado,,
GAP-HR-0027-0052,GAP-HR-0027,fji_pnud_videos_2025,Processed,OS,Diseño sonoro,video,1.0,300000.0,300000.0,,,
GAP-HR-0028-0053,GAP-HR-0028,cr_unicef_gestion_resulta_2025,Processed,OS,Elaboración de 5 podcast de 10 minutos con la herramienta ElevenLabs,10 minutos,5.0,400000.0,2000000.0,AUP-POD Pódcast,,
GAP-HR-0029-0054,GAP-HR-0029,cr_unicef_extramuros_2025,Processed,OS,Producción y edición de 3 videos de 3-4 minutos y dos (2) podcast de 10 minutos.,5,5.0,1000000.0,5000000.0,AUP-VID Video Institucional,,
GAP-HR-0030-0055,GAP-HR-0030,nl_wwf_coursesweb_2026,Processed,OS,Producción y edición de 10 videos grabados de 2-3 minutos,10,10.0,450000.0,4500000.0,AUP-VID Video Institucional,,
GAP-HR-0031-0056,GAP-HR-0031,cr_unfpa_materno_infantil_2026,Processed,OS,Producción de cuatro (4) videos animados de 2 minutos y un (1) podcast de 20 minutos elaborado con la herramienta ElevenLabs,5,5.0,1100000.0,5500000.0,AUP-ANV Video Animado,,
GAP-HR-0032-0057,GAP-HR-0032,co_csj_rama_judicial_2025,Cancelled,OS,Diseño y virtualización de OVA,OVA,16.0,287500.0,4600000.0,DLR-OVA / ELS-CYD Desarrollo e-learning,,
GAP-HR-0032-0058,GAP-HR-0032,co_csj_rama_judicial_2025,Cancelled,OS,Animación de 4 videos de aproximadamente 2 minutos.,Minutos,8.0,300000.0,2400000.0,AUP-ANV Video Animado,,
GAP-HR-0032-0059,GAP-HR-0032,co_csj_rama_judicial_2025,Cancelled,OS,Diseño sonoro para 4 videos de aproximadamente 2 minutos,Videos,4.0,100000.0,400000.0,AUP-VID Video Institucional,,
GAP-HR-0033-0060,GAP-HR-0033,co_csj_rama_judicial_2025,Cancelled,OS,Virtualización de OVA,OVA virtualizado en RIse,8.0,500000.0,4000000.0,DLR-OVA / ELS-CYD Desarrollo e-learning,,
GAP-HR-0034-0061,GAP-HR-0034,co_csj_rama_judicial_2025,Cancelled,OS,Diseño de OVA en Rise,OVA,10.0,500000.0,5000000.0,DLR-OVA / ELS-CYD Desarrollo e-learning,,
GAP-HR-0035-0063,GAP-HR-0035,cr_unfpa_materno_adaptacion_2026,Processed,OS,"Guionización, diseño de storyboard, producción de locución con la herramienta ElevenLabs, animación y postproducción de video animado de 2 minutos complementario del curso; Guionización, grabación y edición de sonido de pódcast de 20 minutos; Guionización, corrección de estilo, locución, diseño y maquetación de 53 slides de OVA en Rise; Guionización, diseño y maquetación de 4 infografías de 3 slides complementarias al curso; Diagramación, diseño y corrección de estilo de 4 documentos de word descargables de contenido de cada módulo; Dos piezas para redes sociales y web (formato 16:9 y 9:16); 1 repositorio digital de Genially; Guionización, locución y diseño de Genially de 2 audiocasos y ajustes de línea gráfica.",1,9.0,1088889.0,9800001.0,AUP-ANV Video Animado,,
GAP-HR-0036-0063,GAP-HR-0036,cr_fao_bribri_cartillas_2026,Processed,OS,Ilustración de apróximadamente 80 imágenes,Ilustración en formato .jpg y archivo en illustraitor,80.0,37000.0,2960000.0,DYA · ILU Ilustración,,
GAP-HR-0037-0064,GAP-HR-0037,cr_fao_bribri_cartillas_2026,Processed,OS,Diagramación de 210 páginas de un documento proprocionado por InnovaHub,Páginas,210.0,10000.0,2100000.0,DLR-BDL Maquetación,,
GAP-HR-0038-0065,GAP-HR-0038,es_santillana_educaia_2026,Processed,OS,Diseño de 4 storyboards para videos de aproximadamente 2 minutos.,Storyboards,4.0,300000.0,1200000.0,AUP-VID Video Institucional,,
GAP-HR-0039-0066,GAP-HR-0039,es_santillana_educaia_2026,Processed,OS,Animación de 15 videos de aproximadamente 2 minutos,videos,15.0,700000.0,10500000.0,AUP-ANV Video Animado,,
GAP-HR-0040-0067,GAP-HR-0040,ven_unicef_lta_dulas_2025,Processed,OS,Ajustes de una locución de 4 min aproximadamente,locución,1.0,250000.0,250000.0,AUP-POD/VID · VOV Locución,,
GAP-HR-0041-0068,GAP-HR-0041,gl_pnud_strategy_gender_2026,Processed,OS,"Diseño y desarrollo de una línea gráfica integral compuesta por tres (3) variantes visuales. Cada variante incluirá una propuesta de portada basada en ilustraciones de concepto artístico original, alineadas con la identidad del proyecto. El servicio contempla un proceso iterativo de ajustes basados en requerimientos técnicos internos y retroalimentación del cliente, garantizando la entrega de artes finales en alta resolución y archivos fuente editables para su futura gestión.",Línea gráfica,1.0,3000000.0,3000000.0,DYA · ILU Ilustración,,
GAP-HR-0042-0069,GAP-HR-0042,es_santillana_educaia_2026,Processed,OS,Diseño de 10 storyboards para videos de aproximadamente 2 minutos,storyboards,10.0,300000.0,3000000.0,AUP-VID Video Institucional,,
GAP-HR-0043-0070,GAP-HR-0043,pa_unicef_informe_anual_2026,Processed,OS,Edición de video de 3 minutos versión horizontal y modificación y ajustes para entregar la versión vertical,700000,1.0,700000.0,700000.0,AUP-VID Video Institucional,,
GAP-HR-0044-0071,GAP-HR-0044,co_csj_rama_judicial_2025,Processed,PS,Virtualización de OVAs en Rise,OVAS virtualizados,16.0,300000.0,4800000.0,DLR-OVA / ELS-CYD Desarrollo e-learning,,
GAP-HR-0045-0072,GAP-HR-0045,co_csj_rama_judicial_2025,Processed,PS,Virtualización de OVAs,OVAS virtualizados,16.0,287500.0,4600000.0,DLR-OVA / ELS-CYD Desarrollo e-learning,,
GAP-HR-0046-0073,GAP-HR-0046,co_csj_rama_judicial_2025,Processed,PS,Virtualización de OVAS,OVAS virtualizados,16.0,281250.0,4500000.0,DLR-OVA / ELS-CYD Desarrollo e-learning,,
GAP-HR-0047-0074,GAP-HR-0047,co_csj_rama_judicial_2025,Processed,PS,Virtualización de OVAS,OVA,16.0,281250.0,4500000.0,DLR-OVA / ELS-CYD Desarrollo e-learning,,
GAP-HR-0048-0075,GAP-HR-0048,co_csj_rama_judicial_2025,Processed,PS,Virtualízación de OVAS en RIse,OVAS,16.0,281250.0,4500000.0,DLR-OVA / ELS-CYD Desarrollo e-learning,,
GAP-HR-0049-0076,GAP-HR-0049,pa_pnud_rblac_genambiente_2026,Processed,OS,"Diseño y maquetación de 5 OVAS, basandose en el guion proporcionado por InnovaHub.",OVAS,5.0,500000.0,2500000.0,DLR-BDL Maquetación,,
GAP-HR-0050-0077,GAP-HR-0050,cr_unicef_sinirube_2026,Processed,OS,"Animación de un video de apróximadamente 1 min, siguiendo instrucciones de guion y storyboard proporcionado por InnovaHub.",Minuto,1.0,600000.0,600000.0,AUP-ANV Video Animado,,
GAP-HR-0050-0078,GAP-HR-0050,cr_unicef_sinirube_2026,Processed,OS,Diseño sonoro de un video de aproximadamente 1 minuto,minuto,1.0,100000.0,100000.0,AUP-VID Video Institucional,,
GAP-HR-0051-0079,GAP-HR-0051,cr_unicef_sinirube_2026,Processed,OS,Servicio de interpretación en Lengua de Señas LESCO para un video de aproximadamente 1 minuto,Minuto,1.0,65.0,65.0,AUP-VID Video Institucional,,
GAP-HR-0052-0080,GAP-HR-0052,ven_unicef_reedicion_2026,Processed,OS,Reedición de dos videos producidos por InnovaHub. Tendra ajustes a nivel de textos en pantalla y ajustar videos e imagenes de acompañamiento.,videos,2.0,250000.0,500000.0,AUP-VID Video Institucional,,
GAP-HR-0053-0081,GAP-HR-0053,es_santillana_richmond_2026,Processed,OS,"Diseño y maquetación en la herramienta Articulate Rise de 15 Objetos Virtuales de Aprendizaje (OVA), cada uno de 20 diapositivas aproximadamente, correspondientes a los cursos para el proyecto Richmond de Santillana: 

1. Comunicación interna en colegios
2. Comunicación en entornos virtuales
3. Habilidades de comunicación para el personal docente
4. Active, Embodied Learning for Teens and Adults
5. Active Learning for Higher Education
6. AI for Professors: Ethical, Efficient, and High-Impact Integration
7. Future-Ready Teaching for an AI-Powered World
8. Sustainable Teaching in Higher-Ed: Workflows & Well-Being
9. Active methodologies
10. From the traditional classroom to a skills model (socio-emotional education)
11. Assessment tools to enhance students’ performance
12. Learning Analytics for Educators
13. Decision Making in Education with Data
14. Differentiating Learning Through Analytics
15. AI: Responsible and ethical use

El diseño y maquetación implica la realización de las siguientes actividades:
- Desarrollo de diapositivas tipo texto e imagen. 
- Desarrollo de diapositivas con la inclusión de interactividades (hotspot, pestañas, acordeón, entre otras). 
- Desarrollo de ilustraciones, como íconos e infografías.",Diseño y maquetación de Objetos Virtuales de Aprendizaje en Rise.,15.0,440000.0,6600000.0,DLR-BDL Maquetación,,
GAP-HR-0054-0082,GAP-HR-0054,gl_pnud_strategy_gender_2026,Processed,OS,Diagramación de documento de 16 páginas,Diagramación,1.0,650000.0,650000.0,DLR-BDL Maquetación,,
GAP-HR-0055-0083,GAP-HR-0055,lac_idea_democracia_2026,Processed,OS,Edición de 49 videos cortos solo con cortinilla,videos,49.0,69000.0,3381000.0,AUP-VID Video Institucional,,
GAP-HR-0056-0084,GAP-HR-0056,co_csj_rama_judicial_2025,Processed,PS,"Diseño pedagógico, estructuración curricular y montaje técnico de contenidos formativos del Ciclo de Formación Especializado en Género e Interseccionalidad de la Rama Judicial, mediante la elaboración de dos (2) syllabus y el desarrollo, adaptación y montaje de tres (3) Unidades Mínimas de Aprendizaje (UMA) en la plataforma RISE, garantizando la coherencia pedagógica, la calidad técnica, según los requerimientos del proyecto.","Apoyar el diseño y estructuración de dos (2) syllabus, asegurando que cada uno articule de manera coherente los objetivos de aprendizaje, la metodología, los contenidos, las actividades, la evaluación y la estructura modular del curso, en coherencia con los marcos pedagógicos que orientan el proyecto: la Teoría U, las dimensiones de los Objetivos de Desarrollo Interior (ODI/IDG) y el Modelo Pedagógico de la Escuela Judicial Rodrigo Lara Bonilla (EJRLB). / Desarrollar el montaje pedagógico y técnico de tres (3) Unidades Mínimas de Aprendizaje (UMA) en la plataforma RISE, traduciendo el diseño pedagógico en una experiencia de aprendizaje interactiva, clara y accesible. Esto implica organizar los contenidos, actividades y evaluaciones en la estructura propia de la plataforma; incorporar elementos interactivos pertinentes; adaptar los textos para asegurar navegabilidad y comprensión; integrar recursos multimedia según los contenidos entregados; y verificar el funcionamiento técnico de cada componente, garantizando la coherencia y la calidad de la experiencia formativa. / Realizar los ajustes necesarios a los syllabus y a las UMAs montadas, incorporando las observaciones técnicas, pedagógicas y de enfoque formuladas por la Escuela Judicial Rodrigo Lara Bonilla. Esto incluye mejorar la claridad de los contenidos, ajustar actividades, fortalecer la alineación pedagógica, corregir aspectos técnicos del montaje y garantizar que la versión final cumpla con los estándares institucionales de calidad. / Participar en reuniones de coordinación, validación y seguimiento, presentando avances, sustentando decisiones pedagógicas y articulando su trabajo con el equipo de producción, los expertos temáticos y la coordinación del proyecto. Estas sesiones permitirán asegurar la coherencia curricular, resolver dudas técnicas o pedagógicas y garantizar la integración adecuada de los productos en el ciclo formativo.",5.0,700000.0,3500000.0,DLR-OVA / ELS-CYD Desarrollo e-learning,,
GAP-HR-0057-0085,GAP-HR-0057,co_csj_rama_judicial_2025,Cancelled,PS,"Diseño pedagógico, estructuración curricular y montaje técnico de contenidos formativos del Ciclo de Formación Especializado en Género e Interseccionalidad de la Rama Judicial, mediante la elaboración de dos (2) syllabus y el desarrollo, adaptación y montaje de dos (2) Unidades Mínimas de Aprendizaje (UMA) en la plataforma RISE, garantizando la coherencia pedagógica, la calidad técnica, según los requerimientos del proyecto.","Apoyar el diseño y estructuración de dos (2) syllabus, asegurando que cada uno articule de manera coherente los objetivos de aprendizaje, la metodología, los contenidos, las actividades, la evaluación y la estructura modular del curso, en coherencia con los marcos pedagógicos que orientan el proyecto: la Teoría U, las dimensiones de los Objetivos de Desarrollo Interior (ODI/IDG) y el Modelo Pedagógico de la Escuela Judicial Rodrigo Lara Bonilla (EJRLB). / Desarrollar el montaje pedagógico y técnico de dos (2) Unidades Mínimas de Aprendizaje (UMA) en la plataforma RISE, traduciendo el diseño pedagógico en una experiencia de aprendizaje interactiva, clara y accesible. Esto implica organizar los contenidos, actividades y evaluaciones en la estructura propia de la plataforma; incorporar elementos interactivos pertinentes; adaptar los textos para asegurar navegabilidad y comprensión; integrar recursos multimedia según los contenidos entregados; y verificar el funcionamiento técnico de cada componente, garantizando la coherencia y la calidad de la experiencia formativa. / Realizar los ajustes necesarios a los syllabus y a las UMAs montadas, incorporando las observaciones técnicas, pedagógicas y de enfoque formuladas por la Escuela Judicial Rodrigo Lara Bonilla. Esto incluye mejorar la claridad de los contenidos, ajustar actividades, fortalecer la alineación pedagógica, corregir aspectos técnicos del montaje y garantizar que la versión final cumpla con los estándares institucionales de calidad. / Participar en reuniones de coordinación, validación y seguimiento, presentando avances, sustentando decisiones pedagógicas y articulando su trabajo con el equipo de producción, los expertos temáticos y la coordinación del proyecto. Estas sesiones permitirán asegurar la coherencia curricular, resolver dudas técnicas o pedagógicas y garantizar la integración adecuada de los productos en el ciclo formativo.",4.0,800000.0,3200000.0,DLR-OVA / ELS-CYD Desarrollo e-learning,,
GAP-HR-0058-0086,GAP-HR-0058,co_csj_rama_judicial_2025,Processed,PS,"Desarrollo, adaptación y montaje de 10 Unidades Mínimas de Aprendizaje (UMA) en la plataforma RISE, garantizando la coherencia pedagógica, la calidad técnica y los demás requerimientos de los cursos asignados, para el Ciclo de Formación Especializado en Género e Interseccionalidad de la Rama Judicial.","Desarrollar el montaje pedagógico y técnico de 10 Unidades Mínimas de Aprendizaje (UMA) en la plataforma RISE, traduciendo el diseño pedagógico en una experiencia de aprendizaje interactiva, clara y accesible. Esto implica organizar los contenidos, actividades y evaluaciones en la estructura propia de la plataforma; incorporar elementos interactivos pertinentes; adaptar los textos para asegurar navegabilidad y comprensión; integrar recursos multimedia según los contenidos entregados; y verificar el funcionamiento técnico de cada componente, garantizando la coherencia y la calidad de la experiencia formativa. / Realizar los ajustes necesarios a las UMAs montadas, incorporando las observaciones técnicas, pedagógicas y de enfoque formuladas por la Escuela Judicial Rodrigo Lara Bonilla. Esto incluye mejorar la claridad de los contenidos, ajustar actividades, fortalecer la alineación pedagógica, corregir aspectos técnicos del montaje y garantizar que la versión final cumpla con los estándares institucionales de calidad. / Participar en reuniones de coordinación, validación y seguimiento, presentando avances, sustentando decisiones pedagógicas y articulando su trabajo con el equipo de producción, los expertos temáticos y la coordinación del proyecto. Estas sesiones permitirán asegurar la coherencia curricular, resolver dudas técnicas o pedagógicas y garantizar la integración adecuada de los productos en el ciclo formativo.",10.0,500000.0,5000000.0,DLR-OVA / ELS-CYD Desarrollo e-learning,,
GAP-HR-0059-0087,GAP-HR-0059,co_csj_rama_judicial_2025,Processed,PS,"Desarrollo, adaptación y montaje de 10 Unidades Mínimas de Aprendizaje (UMA) en la plataforma RISE, garantizando la coherencia pedagógica, la calidad técnica y los demás requerimientos de los cursos asignados, para el Ciclo de Formación Especializado en Género e Interseccionalidad de la Rama Judicial.","Desarrollar el montaje pedagógico y técnico de 10 Unidades Mínimas de Aprendizaje (UMA) en la plataforma RISE, traduciendo el diseño pedagógico en una experiencia de aprendizaje interactiva, clara y accesible. Esto implica organizar los contenidos, actividades y evaluaciones en la estructura propia de la plataforma; incorporar elementos interactivos pertinentes; adaptar los textos para asegurar navegabilidad y comprensión; integrar recursos multimedia según los contenidos entregados; y verificar el funcionamiento técnico de cada componente, garantizando la coherencia y la calidad de la experiencia formativa. / Realizar los ajustes necesarios a las UMAs montadas, incorporando las observaciones técnicas, pedagógicas y de enfoque formuladas por la Escuela Judicial Rodrigo Lara Bonilla. Esto incluye mejorar la claridad de los contenidos, ajustar actividades, fortalecer la alineación pedagógica, corregir aspectos técnicos del montaje y garantizar que la versión final cumpla con los estándares institucionales de calidad. / Participar en reuniones de coordinación, validación y seguimiento, presentando avances, sustentando decisiones pedagógicas y articulando su trabajo con el equipo de producción, los expertos temáticos y la coordinación del proyecto. Estas sesiones permitirán asegurar la coherencia curricular, resolver dudas técnicas o pedagógicas y garantizar la integración adecuada de los productos en el ciclo formativo.",10.0,500000.0,5000000.0,DLR-OVA / ELS-CYD Desarrollo e-learning,,
GAP-HR-0060-0088,GAP-HR-0060,co_csj_rama_judicial_2025,Processed,PS,"Desarrollo, adaptación y montaje de 10 Unidades Mínimas de Aprendizaje (UMA) en la plataforma RISE, garantizando la coherencia pedagógica, la calidad técnica y los demás requerimientos de los cursos asignados, para el Ciclo de Formación Especializado en Género e Interseccionalidad de la Rama Judicial.","Desarrollar el montaje pedagógico y técnico de 10 Unidades Mínimas de Aprendizaje (UMA) en la plataforma RISE, traduciendo el diseño pedagógico en una experiencia de aprendizaje interactiva, clara y accesible. Esto implica organizar los contenidos, actividades y evaluaciones en la estructura propia de la plataforma; incorporar elementos interactivos pertinentes; adaptar los textos para asegurar navegabilidad y comprensión; integrar recursos multimedia según los contenidos entregados; y verificar el funcionamiento técnico de cada componente, garantizando la coherencia y la calidad de la experiencia formativa. / Realizar los ajustes necesarios a las UMAs montadas, incorporando las observaciones técnicas, pedagógicas y de enfoque formuladas por la Escuela Judicial Rodrigo Lara Bonilla. Esto incluye mejorar la claridad de los contenidos, ajustar actividades, fortalecer la alineación pedagógica, corregir aspectos técnicos del montaje y garantizar que la versión final cumpla con los estándares institucionales de calidad. / Participar en reuniones de coordinación, validación y seguimiento, presentando avances, sustentando decisiones pedagógicas y articulando su trabajo con el equipo de producción, los expertos temáticos y la coordinación del proyecto. Estas sesiones permitirán asegurar la coherencia curricular, resolver dudas técnicas o pedagógicas y garantizar la integración adecuada de los productos en el ciclo formativo.",10.0,526000.0,5260000.0,DLR-OVA / ELS-CYD Desarrollo e-learning,,
GAP-HR-0061-0089,GAP-HR-0061,gq_pnud_form_ministros_v1_2025,Processed,OS,"Elaboración de los contenidos conceptuales, estratégicos y aplicados del curso Liderazgo en la Administración Pública, mediante la redacción de textos base, casos, actividades y evaluaciones orientados a altos cargos de la administración pública de la República de Guinea Ecuatorial. Los contenidos deberán responder a las necesidades de liderazgo institucional, toma de decisiones, gestión pública, ética gubernamental y fortalecimiento de capacidades directivas, garantizando rigor técnico, pertinencia contextual y coherencia pedagógica con el enfoque aprobado por el INAP.","Proponer la organización temática, los objetivos de aprendizaje y la secuencia metodológica del curso, asegurando coherencia con las competencias requeridas para altos cargos. / Elaborar los textos base del curso con un enfoque en liderazgo público de alto nivel: dirección institucional, gestión del cambio, toma de decisiones complejas, integridad en la función pública y gobernanza efectiva. Los contenidos deben estar contextualizados a la realidad administrativa de Guinea Ecuatorial. / Diseñar actividades que promuevan análisis estratégico, toma de decisiones, resolución de problemas institucionales y reflexión sobre el rol directivo en la administración pública. / Incorporar observaciones conceptuales y pedagógicas formuladas por el INAP y el equipo del proyecto, ajustando contenidos, casos y actividades para garantizar calidad y pertinencia.",1.0,4000000.0,4000000.0,ELS-CYD-AUT Autoría de curso,,
GAP-HR-0062-0090,GAP-HR-0062,pa_caf_videos_comunidad_p_2025,Processed,OS,"Posproducción de 2 videos, aproximadamente de 4 minutos cada uno, para el proyecto LAComunidad de CAF. Esta posproducción requiere llevar a cabo las siguientes actividades:

- Realización de storyboard. 
- Inclusión de cortinillas.
- Corrección de color, ajuste de audio, cortes y transiciones, inserción de gráficos y subtitulado. Inclusión de música de fondo. 
- Traducción de los subtítulos y de los textos que aparezcan en pantalla de cada video a inglés y portugués. 
- Realización del video más corto en formato vertical con traducción a inglés y portugués de los subtítulos y los textos que aparezcan en pantalla.",Video tipo testimonio de una duración aproximada de 4 minutos.,2.0,1800000.0,3600000.0,AUP-VID Video Institucional,,
GAP-HR-0063-0091,GAP-HR-0063,co_csj_rama_judicial_2025,Processed,PS,"Diseño pedagógico, estructuración curricular y montaje técnico de contenidos formativos del Ciclo de Formación Especializado en Género e Interseccionalidad de la Rama Judicial, mediante la elaboración de dos (2) syllabus y el desarrollo, adaptación y montaje de dos (2) Unidades Mínimas de Aprendizaje (UMA) en la plataforma RISE, garantizando la coherencia pedagógica, la calidad técnica, según los requerimientos del proyecto.","Apoyar el diseño y estructuración de dos (2) syllabus, asegurando que cada uno articule de manera coherente los objetivos de aprendizaje, la metodología, los contenidos, las actividades, la evaluación y la estructura modular del curso, en coherencia con los marcos pedagógicos que orientan el proyecto: la Teoría U, las dimensiones de los Objetivos de Desarrollo Interior (ODI/IDG) y el Modelo Pedagógico de la Escuela Judicial Rodrigo Lara Bonilla (EJRLB). / Desarrollar el montaje pedagógico y técnico de dos (2) Unidades Mínimas de Aprendizaje (UMA) en la plataforma RISE, traduciendo el diseño pedagógico en una experiencia de aprendizaje interactiva, clara y accesible. Esto implica organizar los contenidos, actividades y evaluaciones en la estructura propia de la plataforma; incorporar elementos interactivos pertinentes; adaptar los textos para asegurar navegabilidad y comprensión; integrar recursos multimedia según los contenidos entregados; y verificar el funcionamiento técnico de cada componente, garantizando la coherencia y la calidad de la experiencia formativa. / Realizar los ajustes necesarios a los syllabus y a las UMAs montadas, incorporando las observaciones técnicas, pedagógicas y de enfoque formuladas por la Escuela Judicial Rodrigo Lara Bonilla. Esto incluye mejorar la claridad de los contenidos, ajustar actividades, fortalecer la alineación pedagógica, corregir aspectos técnicos del montaje y garantizar que la versión final cumpla con los estándares institucionales de calidad. / Participar en reuniones de coordinación, validación y seguimiento, presentando avances, sustentando decisiones pedagógicas y articulando su trabajo con el equipo de producción, los expertos temáticos y la coordinación del proyecto. Estas sesiones permitirán asegurar la coherencia curricular, resolver dudas técnicas o pedagógicas y garantizar la integración adecuada de los productos en el ciclo formativo.",4.0,800000.0,3200000.0,DLR-OVA / ELS-CYD Desarrollo e-learning,,
GAP-HR-0064-0092,GAP-HR-0064,pa_pnud_diagrama_democracia,Cancelled,OS,Diagramación de documento de 100 páginas en versión inglés y español,Diagramación de documento,1.0,1200000.0,1200000.0,ELS-CYD-TRD Traducción,,
GAP-HR-0065-0093,GAP-HR-0065,pa_pnud_diagrama_democracia,Cancelled,OS,Diagramación de documento en versión español e inglés,Diagramación documento,1.0,1200000.0,1200000.0,ELS-CYD-TRD Traducción,,
GAP-HR-0066-0094,GAP-HR-0066,co_csj_rama_judicial_2025,Processed,PS,"Realizar control de calidad de las Unidades Mínimas de Aprendizaje (UMA) en la plataforma RISE, garantizando la coherencia pedagógica, la calidad técnica y los demás requerimientos de los cursos asignados, para el Ciclo de Formación Especializado en Género e Interseccionalidad de la Rama Judicial.",Control de calidad de las UMA asignadas,1.0,4000000.0,4000000.0,DLR-OVA / ELS-CYD Desarrollo e-learning,,
GAP-HR-0067-0095,GAP-HR-0067,co_csj_rama_judicial_2025,Processed,PS,"Desarrollo, adaptación y montaje de 6 Unidades Mínimas de Aprendizaje (UMA) en la plataforma RISE, garantizando la coherencia pedagógica, la calidad técnica y los demás requerimientos de los cursos asignados, para el Ciclo de Formación Especializado en Género e Interseccionalidad de la Rama Judicial.","Desarrollar el montaje pedagógico y técnico de 6 Unidades Mínimas de Aprendizaje (UMA) en la plataforma RISE, traduciendo el diseño pedagógico en una experiencia de aprendizaje interactiva, clara y accesible. Esto implica organizar los contenidos, actividades y evaluaciones en la estructura propia de la plataforma; incorporar elementos interactivos pertinentes; adaptar los textos para asegurar navegabilidad y comprensión; integrar recursos multimedia según los contenidos entregados; y verificar el funcionamiento técnico de cada componente, garantizando la coherencia y la calidad de la experiencia formativa. / Realizar los ajustes necesarios a las UMAs montadas, incorporando las observaciones técnicas, pedagógicas y de enfoque formuladas por la Escuela Judicial Rodrigo Lara Bonilla. Esto incluye mejorar la claridad de los contenidos, ajustar actividades, fortalecer la alineación pedagógica, corregir aspectos técnicos del montaje y garantizar que la versión final cumpla con los estándares institucionales de calidad. / Participar en reuniones de coordinación, validación y seguimiento, presentando avances, sustentando decisiones pedagógicas y articulando su trabajo con el equipo de producción, los expertos temáticos y la coordinación del proyecto. Estas sesiones permitirán asegurar la coherencia curricular, resolver dudas técnicas o pedagógicas y garantizar la integración adecuada de los productos en el ciclo formativo.",6.0,526000.0,3156000.0,DLR-OVA / ELS-CYD Desarrollo e-learning,,
GAP-HR-0068-0096,GAP-HR-0068,ven_unicef_riesgos_videos_2026,Processed,OS,"EL/LA CONTRATISTA realizará el diseño del storyboard, la producción gráfica, la animación, la edición, la integración de subtítulos y el diseño sonoro de un (1) video animado con una duración aproximada de dos (2) minutos, a partir del guion, identidad visual, lineamientos gráficos, piezas de referencia e insumos suministrados por EL CONTRATANTE. Esta labor comprende la conceptualización visual del contenido, la elaboración del storyboard, el diseño de los elementos gráficos necesarios para la animación, la composición de escenas, la animación de los recursos visuales, la sincronización con la narración o música, la incorporación de efectos de sonido, ambientación sonora y subtítulos, así como los ajustes y correcciones que sean requeridos dentro del alcance del proyecto, garantizando la coherencia con la identidad institucional y los lineamientos definidos por EL CONTRATANTE.

EL/LA CONTRATISTA entregará a EL CONTRATANTE el video finalizado en formato MP4 (H.264) en resolución Full HD (1920 x 1080 px), listo para su publicación y reproducción en medios digitales, acompañado de una versión sin subtítulos cuando sea requerida, así como el storyboard aprobado en formato PDF. Adicionalmente, entregará la totalidad de los archivos maestros y proyectos editables originales, incluyendo el archivo de proyecto de Adobe After Effects (.AEP) o del software utilizado, los archivos editables de los recursos gráficos (Adobe Illustrator, Photoshop u otros), los archivos de audio, música y efectos de sonido utilizados cuando aplique, las tipografías con sus respectivas licencias o referencias de uso, y la carpeta organizada con todos los recursos vinculados (Assets), asegurando la autonomía técnica de EL CONTRATANTE para realizar futuras actualizaciones, ajustes o adaptaciones del material audiovisual.",Video animado,1.0,1200000.0,1200000.0,AUP-ANV Video Animado,,
GAP-HR-0068-0097,GAP-HR-0068,ven_unicef_riesgos_videos_2026,Processed,OS,Diseño de Story board,Storyboard,1.0,600000.0,600000.0,,,
GAP-HR-0069-0098,GAP-HR-0069,ven_unicef_riesgos_videos_2026,Processed,OS,Locución de voz para video animado,Locución,1.0,120000.0,120000.0,AUP-ANV Video Animado,,
GAP-HR-0070-0099,GAP-HR-0070,pa_pnud_diagrama_democracia,Processed,OS,"EL/LA CONTRATISTA realizará la diagramación y maquetación de un documento bilingüe (español e inglés) con una extensión aproximada de ciento cincuenta (150) páginas, a partir de los textos, imágenes, traducciones, tablas, gráficos y demás insumos suministrados por EL CONTRATANTE. Esta labor comprende la estructuración visual de los contenidos, la aplicación de estilos tipográficos, la organización jerárquica de la información, el diseño de páginas maestras, la diagramación de tablas, gráficos e infografías cuando aplique, el ajuste de imágenes, la preparación de índices y elementos de navegación, así como la adaptación del contenido conforme a la línea gráfica, el manual de identidad visual y los lineamientos editoriales definidos por EL CONTRATANTE, garantizando uniformidad, legibilidad y consistencia en ambas versiones idiomáticas.

EL/LA CONTRATISTA entregará a EL CONTRATANTE el documento finalizado en sus versiones en español e inglés, cada una con una extensión aproximada de ciento cincuenta (150) páginas, en formato PDF de alta resolución con marcas de corte y sangrado, optimizado para impresión profesional (CMYK), junto con una versión digital ligera en formato PDF optimizada para distribución electrónica o publicación en medios digitales. Asimismo, entregará la totalidad de los archivos maestros y proyectos editables originales mediante la carpeta de empaquetado (Package) de Adobe InDesign, incluyendo el archivo original (.INDD), la versión de compatibilidad (.IDML), la carpeta con las fuentes tipográficas utilizadas, la carpeta de vínculos (Links) con todas las imágenes y recursos gráficos en alta resolución, así como los elementos gráficos editables que hagan parte del documento, asegurando la autonomía técnica de EL CONTRATANTE para realizar futuras modificaciones, actualizaciones o reimpresiones del material.",Diagramción,1.0,1400000.0,1400000.0,ELS-CYD-TRD Traducción,,
GAP-HR-0071-0100,GAP-HR-0071,pa_pnud_academia_lider_2026,Processed,OS,"Prestación de servicios de registro audiovisual y fotográfico para la Academia de Liderazgo de Mujeres en la Era Digital, a realizarse de forma presencial en el Hotel Marriott Albrook Mall, Ciudad de Panamá, durante los días 30 de junio, 1 y 2 de julio de 2026. El servicio comprende la captura de planos de apoyo en video, fotografías documentales de las actividades y la realización de entrevistas a las asistentes, guiándose estrictamente por el plan de trabajo y el guion técnico suministrados por InnovaHub. El proveedor será responsable de realizar la verificación técnica de calidad en audio, video y fotografía, garantizando que todo el material final cumpla con los estándares óptimos requeridos para su posterior edición y uso institucional.",Días,1.0,1260.0,1260.0,AUP-VID Video Institucional,,
GAP-HR-0072-0101,GAP-HR-0072,pa_pnud_academia_lider_2026,Processed,OS,"Edición y postproducción de un video resumen de aproximadamente 2 minutos. El contratista será responsable del montaje y la edición de las piezas grabadas durante el encuentro, diseño y desarrollo de la propuesta gráfica aplicada al video, la creación de cortinillas de entrada y salida, la titulación de las expositoras y entrevistadas, así como la mezcla, limpieza y ecualización técnica del audio si así se requiere. Todo este trabajo debe seguir las pautas del guion entregadas por InnovaHub.",minutos,2.0,450000.0,900000.0,AUP-VID Video Institucional,,
GAP-HR-0073-0102,GAP-HR-0073,co_pnud_sdis_cursos_2026,Processed,OS,"EL/LA CONTRATISTA diseñará los instrumentos de levantamiento de información (encuesta y taller) para la caracterización del flujo de atención y del uso y apropiación de las herramientas tecnológicas en las comisarías de familia, y conducirá el taller con roles mezclados y la participación de la SDIS. Asimismo, EL/LA CONTRATISTA diseñará los dos (2) casos de prueba sobre los tipos de violencia más frecuentes, con su respectivo guion de ejecución por rol y matriz de casos de prueba para ser aplicados en las comisarías priorizadas. EL/LA CONTRATISTA entregará a EL CONTRATANTE los documentos correspondientes al diseño de los instrumentos (encuesta y metodología del taller) y al diseño de los dos (2) casos de prueba, en formato PDF.","Diseño de encuesta, casos y taller",1.0,15000000.0,15000000.0,AUP · SON Audio,,
GAP-HR-0074-0103,GAP-HR-0074,co_pnud_sdis_cursos_2026,Processed,OS,"EL/LA CONTRATISTA realizará la edición, posproducción y masterización final de tres (3) episodios de podcast con una duración máxima de cinco (5) minutos cada uno, a partir de los audios en bruto de las conversaciones que serán suministrados por INNOVAHUB. El proceso de edición deberá garantizar una limpieza exhaustiva de voz (eliminación de ruidos de fondo, clics, silencios incómodos y nivelación de volumen), así como un acople y sincronización perfectos de los participantes para lograr una escucha fluida y profesional. Asimismo, EL/LA CONTRATISTA se encargará del diseño sonoro integral, incluyendo la selección e incorporación de musicalización de fondo (libre de derechos de autor), efectos de sonido contextuales y transiciones que potencien la narrativa. Finalmente, todas las piezas deberán entregarse completamente finalizadas en alta calidad de audio y bajo el estándar técnico requerido por la plataforma. EL/LA CONTRATISTA entregará a EL CONTRATANTE los tres (3) archivos de audio definitivos en formato MP3.",Edición de podcast,3.0,400000.0,1200000.0,AUP-POD Pódcast,,
GAP-HR-0075-0104,GAP-HR-0075,pa_unicef_informe_anual_2026,Cancelled,OS,"EL/LA CONTRATISTA diseñará la línea gráfica para la diagramación de un documento institucional, a partir de los lineamientos, manual de identidad visual, objetivos de comunicación e insumos suministrados por EL CONTRATANTE. Esta labor comprende la conceptualización de la propuesta gráfica, la definición de la estructura editorial, la creación de la retícula de diagramación, el diseño de portadas, páginas maestras, estilos tipográficos, jerarquías visuales, paleta cromática, tratamiento de imágenes, tablas, gráficos, iconografía y demás elementos gráficos necesarios para garantizar la coherencia visual, legibilidad y unidad estética del documento.

EL/LA CONTRATISTA entregará a EL CONTRATANTE una propuesta de línea gráfica aprobada que incluirá el documento de lineamientos de diseño en formato PDF, acompañado de las plantillas editables del documento, las páginas maestras, los estilos de párrafo y carácter, la retícula de diagramación y los recursos gráficos desarrollados, junto con la totalidad de los archivos maestros y editables originales (Adobe InDesign, Adobe Illustrator, Adobe Photoshop u otros formatos nativos utilizados), asegurando la autonomía técnica de EL CONTRATANTE para la producción y actualización de futuras publicaciones que mantengan la identidad visual definida.",diagramación de documento,1.0,900000.0,900000.0,DLR-BDL Maquetación,,
GAP-HR-0076-0105,GAP-HR-0076,pa_pnud_informe_mujer19_2026,Cancelled,OS,"EL/LA CONTRATISTA diseñará la línea gráfica para la diagramación de un documento institucional, a partir de los lineamientos, manual de identidad visual, objetivos de comunicación e insumos suministrados por EL CONTRATANTE. Esta labor comprende la conceptualización de la propuesta gráfica, la definición de la estructura editorial, la creación de la retícula de diagramación, el diseño de portadas, páginas maestras, estilos tipográficos, jerarquías visuales, paleta cromática, tratamiento de imágenes, tablas, gráficos, iconografía y demás elementos gráficos necesarios para garantizar la coherencia visual, legibilidad y unidad estética del documento.

EL/LA CONTRATISTA entregará a EL CONTRATANTE una propuesta de línea gráfica aprobada que incluirá el documento de lineamientos de diseño en formato PDF, acompañado de las plantillas editables del documento, las páginas maestras, los estilos de párrafo y carácter, la retícula de diagramación y los recursos gráficos desarrollados, junto con la totalidad de los archivos maestros y editables originales (Adobe InDesign, Adobe Illustrator, Adobe Photoshop u otros formatos nativos utilizados), asegurando la autonomía técnica de EL CONTRATANTE para la producción y actualización de futuras publicaciones que mantengan la identidad visual definida.",Diagramación,1.0,900000.0,900000.0,DLR-BDL Maquetación,,
GAP-HR-0077-0106,GAP-HR-0077,pa_pnud_diagrama_democracia_2026,Processed,OS,"LA CONTRATISTA realizará la diagramación y maquetación de un documento con una extensión aproximada de treinta (100) páginas, en español e inglés, a partir de los textos, imágenes, tablas, gráficos y demás insumos suministrados por EL CONTRATANTE, aplicando la línea gráfica previamente definida y los lineamientos de identidad visual establecidos. Esta labor comprende la organización y estructuración visual de los contenidos, la aplicación de estilos tipográficos, la diagramación de tablas, gráficos e imágenes, el ajuste de composición y paginación, la preparación del documento para impresión y distribución digital, así como la incorporación de las observaciones y ajustes requeridos dentro del alcance del proyecto.

EL/LA CONTRATISTA entregará a EL CONTRATANTE el documento finalizado de treinta (100) páginas en formato PDF de alta resolución con marcas de corte y sangrado, optimizado para impresión profesional (CMYK), junto con una versión digital ligera en formato PDF optimizada para publicación o distribución electrónica. Asimismo, entregará la totalidad de los archivos maestros y proyectos editables originales mediante la carpeta de empaquetado (Package) de Adobe InDesign, incluyendo el archivo original (.INDD), la versión de compatibilidad (.IDML), las fuentes tipográficas utilizadas, la carpeta de vínculos (Links) con las imágenes y recursos gráficos en alta resolución, garantizando la autonomía técnica de EL CONTRATANTE para realizar futuras modificaciones, actualizaciones o reimpresiones del documento.",Documento diagramado,1.0,980000.0,980000.0,ELS-CYD-TRD Traducción,,
GAP-HR-0078-0107,GAP-HR-0078,co_pnud_sdis_cursos_2026,Processed,OS,"EL/LA CONTRATISTA realizará el análisis técnico de la arquitectura, la infraestructura de despliegue y la seguridad del sistema SICOFA, así como la caracterización técnica de los cinco (5) software del ecosistema de la Subdirección Distrital para la Familia (SDIS), labor que comprende la identificación de los requerimientos mínimos de infraestructura para el despliegue del sistema y el análisis de armonización e integración entre SICOFA y dicho ecosistema, sin que ello implique el desarrollo de conectores o integraciones entre sistemas. Adicionalmente, EL/LA CONTRATISTA diseñará y ejecutará la prueba de carga técnica sobre SICOFA, determinando los escenarios, transacciones, herramienta de carga y métricas de aceptación conforme al volumen de concurrencia proyectado a partir de los resultados de la encuesta. EL/LA CONTRATISTA entregará a EL CONTRATANTE los documentos técnicos correspondientes al diagnóstico de capacidades tecnológicas y a los resultados de la prueba de carga, en formato PDF, incluyendo los reportes de tiempos de respuesta, errores, throughput, consumo de recursos, cuellos de botella y capacidad observada, así como los parámetros técnicos de servidor recomendados para atender la demanda proyectada.",Análisis técnico,1.0,15000000.0,15000000.0,TIN / ELS Plataformas,,
GAP-HR-0079-0108,GAP-HR-0079,co_pnud_sdis_cursos_2026,Processed,OS,"EL/LA CONTRATISTA realizará el desarrollo técnico y el ensamblaje de dos (2) Objetos Virtuales de Aprendizaje (OVA) en la plataforma Articulate Rise. Este proceso se ejecutará a partir de los guiones instruccionales que serán suministrados por InnovaHub como insumo primario obligatorio. Asimismo, el diseño conceptual e interactivo de los OVA deberá alinearse estrictamente con la línea gráfica institucional previamente entregada al diseñador.

El alcance del desarrollo contempla un ciclo de optimización de hasta tres (3) jornadas de ajustes en total, distribuidas de la siguiente manera: una (1) revisión interna por parte de InnovaHub y dos (2) revisiones externas por parte del cliente final.

EL/LA CONTRATISTA entregará a EL CONTRATANTE los accesos de edición y transferencia de los dos (2) OVA en la plataforma Rise, junto con un repositorio que contenga la totalidad de los archivos editables de los recursos gráficos e imágenes diseñadas para los cursos. Todo componente y entregable final deberá contar con la debida revisión y aprobación formal por parte de InnovaHub.",Desarrollo de OVA en RISE,2.0,850000.0,1700000.0,DYA · ILU Ilustración,,
GAP-HR-0080-0109,GAP-HR-0080,lac_idea_democracia_2026,Processed,OS,"Actividad y entregables del producto

EL/LA CONTRATISTA realizará la virtualización de cuatro (4) Objetos Virtuales de Aprendizaje (OVA) en la herramienta Articulate Rise 360, a partir de los contenidos, guiones, recursos gráficos, lineamientos pedagógicos e identidad visual suministrados por EL CONTRATANTE. Esta labor comprende la estructuración de los contenidos, la configuración de la navegación, la adaptación de textos e imágenes al entorno virtual, la incorporación de recursos multimedia e interactivos cuando sean suministrados o definidos dentro del alcance del proyecto, la aplicación de la identidad gráfica, la configuración de actividades de aprendizaje y evaluaciones cuando correspondan, la revisión de la experiencia de usuario y la implementación de los ajustes y correcciones requeridos para garantizar la funcionalidad, accesibilidad y correcta visualización de los OVAS en diferentes dispositivos.

EL/LA CONTRATISTA entregará a EL CONTRATANTE cuatro (4) Objetos Virtuales de Aprendizaje completamente virtualizados y funcionales en Articulate Rise 360, listos para su publicación en una plataforma de gestión del aprendizaje (LMS). Asimismo, entregará los paquetes de publicación en formato SCORM 1.2 o SCORM 2004, según los requerimientos de EL CONTRATANTE, y/o en formato Web cuando sea requerido, junto con los archivos fuente editables del proyecto en Articulate Rise 360 mediante la transferencia de propiedad, copia del curso o el mecanismo de entrega que permita su administración y actualización por parte de EL CONTRATANTE. Igualmente, entregará todos los recursos multimedia utilizados durante el desarrollo (imágenes, audios, videos, iconografía y demás activos suministrados o producidos dentro del alcance del contrato), garantizando la autonomía técnica de EL CONTRATANTE para realizar futuras modificaciones, actualizaciones o nuevas publicaciones de los Objetos Virtuales de Aprendizaje.",OVA,4.0,227500.0,910000.0,AUP-VID Video Institucional,,
GAP-HR-0081-0110,GAP-HR-0081,es_santillana_educaia_2026,Processed,OS,"LA CONTRATISTA realizará el diseño, maquetación interactiva y estructuración visual de dos (2) infografías dinámicas en la plataforma Genially, a partir de los guiones, textos, esquemas e insumos conceptuales proporcionados por EL CONTRATANTE. Esta labor comprende la aplicación rigurosa de principios de experiencia de usuario (UX) y diseño de interfaz (UI), garantizando una arquitectura de la información clara, una navegación intuitiva, jerarquización visual efectiva, diseño adaptable a múltiples pantallas y el despliegue óptimo de recursos interactivos (botones, capas emergentes, animaciones de entrada/transición, zonas interactivas y enlaces). Asimismo, la labor abarca la ilustración y conceptualización vectorial de todos los componentes visuales personalizados, respetando la línea gráfica, paleta de colores y manuales de identidad proporcionados por EL CONTRATANTE.",Infografías,2.0,200000.0,400000.0,AUP-ANV Video Animado,,
GAP-HR-0082-0111,GAP-HR-0082,ven_unicef_biptico_2026,Processed,OS,"EL/LA CONTRATISTA realizará el diseño, diagramación y maquetación de dos (2) dípticos institucionales e informativos a partir de los textos, guiones e insumos proporcionados por EL CONTRATANTE. Esta labor comprende una primera fase metodológica obligatoria de conceptualización visual donde EL/LA CONTRATISTA presentará dos (2) alternativas de propuesta gráfica previa para la validación de la línea estética, paleta cromática, tratamiento tipográfico e iconografía antes del desarrollo definitivo de los materiales. La diagramación final deberá alinearse estrictamente a los manuales de identidad visual, directrices de marca y estándares de diagramación institucionales de UNICEF, garantizando la correcta aplicación del logotipo, grilla compositiva, áreas de protección y jerarquización de la información.",dípticos,2.0,450000.0,900000.0,DLR-BDL Maquetación,,
GAP-HR-0083-0112,GAP-HR-0083,be_pnud_atlas_2026,Processed,OS,"1. DESCRIPCIÓN.

EL/LA CONTRATISTA realizará la diagramación, composición editorial y maquetación profesional de dos (2) documentos que suman un total de sesenta y cuatro (64) páginas (distribuidas en una publicación de 16 páginas y una de 48 páginas). Dicha labor se desarrollará a partir de la línea gráfica, portadas, contenidos textuales y archivos editables base proporcionados por EL CONTRATANTE, e incluye la estructuración visual de los contenidos, la aplicación rigurosa de la identidad gráfica definida, la jerarquización tipográfica de títulos y cuerpos de texto, la limpieza y tratamiento básico de imágenes o tablas, y el desarrollo de la composición editorial, garantizando una legibilidad superior, un ritmo visual equilibrado y una estética corporativa de alta calidad que cumpla con los estándares técnicos y editoriales requeridos para su aprobación por parte del cliente final.",Diagramación de dos documentos,2.0,480000.0,960000.0,DLR-BDL Maquetación,,
GAP-HR-0084-0113,GAP-HR-0084,pa_unicef_recaudacion_2026,Processed,OS,"EL/LA CONTRATISTA realizará el diseño, animación y posproducción (motion graphics) del logotipo del Círculo Azul de UNICEF. Dicha labor se desarrollará a partir de los archivos editables base y los recursos gráficos proporcionados por EL CONTRATANTE (InnovaHub Colombia S.A.S.), e incluye la conceptualización del movimiento, la animación de sus componentes, la aplicación del ritmo visual adecuado y el tratamiento técnico requerido. La animación debe cumplir con los lineamientos de la identidad gráfica institucional, garantizando un resultado fluido, atractivo y de alta calidad estética que cumpla con los estándares técnicos y creativos requeridos para su aprobación por parte del cliente final.",Animación de logo,1.0,200000.0,200000.0,AUP-ANV Video Animado,,
GAP-HR-0085-0114,GAP-HR-0085,co_csj_rama_judicial_2025,Cancelled,OS,"Migración y acompañamiento técnico del ambiente de pruebas de InnovaHub hacia el ambiente QA de la contraparte, garantizando la correcta configuración, funcionamiento y equivalencia de ambos ambientes.",1,1.0,800000.0,800000.0,DLR-OVA / ELS-CYD Desarrollo e-learning,,
GAP-HR-0086-0115,GAP-HR-0086,ven_unicef_lta_dulas_2025,Processed,OS,"Reestructuración integral y edición de un video existente de 3 minutos y 51 segundos a partir de una actualización en el guion y la incorporación de una nueva locución. El trabajo requiere adaptar la línea de tiempo mediante la eliminación de escenas no vigentes, el reordenamiento del material de apoyo visual y la resincronización precisa de las imágenes y piezas gráficas con la nueva locución recibida.",Video,1.0,400000.0,400000.0,AUP-VID Video Institucional,,
GAP-HR-0087-0116,GAP-HR-0087,co_csj_rama_judicial_2025,Processed,PS,"Migración y acompañamiento técnico del ambiente de pruebas de InnovaHub hacia el ambiente QA de la contraparte, garantizando la correcta configuración, funcionamiento y equivalencia de ambos ambientes.",1,1.0,800000.0,800000.0,DLR-OVA / ELS-CYD Desarrollo e-learning,,
GAP-HR-0088-0117,GAP-HR-0088,cr_unicef_migracion_2026,Processed,OS,"EL/LA CONTRATISTA realizará el acompañamiento, la asesoría especializada y la participación activa como experto/a temático/a de alto nivel para la elaboración del documento de autoría base del curso. Esta labor comprende el diagnóstico, análisis y revisión técnico-conceptual de los documentos de insumo suministrados por EL CONTRATANTE; la identificación, validación y organización de los contenidos temáticos; la definición de los enfoques conceptuales, metodológicos y normativos que orientarán el proceso formativo; y el acompañamiento en el diseño de la estructura pedagógica y curricular del curso, garantizando la coherencia entre los objetivos de aprendizaje, las competencias a desarrollar, los contenidos, las estrategias metodológicas y los criterios de evaluación.

Asimismo, EL/LA CONTRATISTA brindará orientación técnica permanente durante el proceso de construcción del documento de autoría, participará en sesiones de trabajo y validación con el equipo del proyecto, emitirá conceptos y recomendaciones especializadas para fortalecer la calidad académica del contenido y asegurará que la propuesta responda a las necesidades de la población objetivo y a los lineamientos definidos por EL CONTRATANTE.

Como resultado de sus actividades, EL/LA CONTRATISTA entregará a EL CONTRATANTE un paquete documental que incluirá el diagnóstico técnico de los documentos de insumo revisados, la propuesta de estructura pedagógica y curricular del curso, el documento de autoría base con los contenidos conceptuales desarrollados y las recomendaciones metodológicas para su implementación, junto con un informe técnico final que consolide el proceso realizado, los criterios aplicados, las observaciones formuladas y las recomendaciones para las siguientes etapas de diseño instruccional y producción del curso, garantizando la entrega oportuna de todos los soportes documentales necesarios para la validación y aprobación de los productos a entera satisfacción de la entidad.",1,1.0,4500.0,4500.0,ELS-CYD-AUT Autoría de curso,,
GAP-HR-0089-0118,GAP-HR-0089,co_giz_ambiente_2025,Processed,PS,"Desarrollo, diseño y montaje, en la plataforma RISE, de los Objetos Virtuales de Aprendizaje (OVA) asignados, visualmente coherentes y técnicamente funcionales, alineados con los requerimientos pedagógicos, comunicativos y técnicos de los cursos de prevención de incendios forestales. El trabajo deberá garantizar calidad visual, navegabilidad y cumplimiento de los estándares definidos para los cursos.",7 Objetos Virtuales de Aprendizaje (OVA) para los cursos de prevención de incendios forestales,7.0,557143.0,3900001.0,DLR-OVA / ELS-CYD Desarrollo e-learning,,
GAP-HR-0090-0119,GAP-HR-0090,co_pnud_sdis_cursos_2026,Requested,OS,"EL/LA CONTRATISTA realizará el desarrollo técnico, diseño gráfico e instruccional y ensamblaje de los siguientes recursos educativos digitales en la plataforma Articulate Rise: ocho (8) Objetos Virtuales de Aprendizaje (OVA) de entre 3 a 4 slides cada uno. El alcance del desarrollo contempla un ciclo de optimización de hasta tres (3) jornadas de ajustes en total por cada recurso, distribuidas de la siguiente manera: una (1) revisión interna y dos (2) revisiones externas por parte del cliente final. EL/LA CONTRATISTA entregará los accesos de edición y transferencia de los ocho (8) OVA en la plataforma Rise (los 8 de 3 a 4 slides), junto con un repositorio organizado que contenga la totalidad de los archivos editables e insumos finales de las piezas gráficas, diagramaciones e infografías. Todo componente y entregable final deberá contar con la debida revisión y aprobación formal para su recepción a satisfacción","Desarrollo de OVAS en RISE,",8.0,135000.0,1080000.0,DLR-BDL Maquetación,,
GAP-HR-0091-0120,GAP-HR-0091,nl_wwf_coursesweb_2026,Processed,OS,Traduccion y adaptación del contenido de 7 modulos del curso del idioma inglés al idioma español,1,1.0,1700000.0,1700000.0,ELS-CYD-TRD Traducción,,
GAP-HR-0092-0121,GAP-HR-0092,cr_unicef_est_temprana_2026,Requested,OS,"Prestación de servicios profesionales de producción audiovisual y fotográfica para el cubrimiento de actividades de campo e institucionales en Costa Rica.

Descripción detallada de las actividades:

El contratista llevará a cabo el cubrimiento técnico de producción de video y fotografía el día 14 de agosto, bajo el siguiente esquema operativo:

Equipo técnico requerido: Un (1) realizador/camarógrafo de video y un (1) fotógrafo profesional.

Logística y desplazamientos: El equipo de producción deberá contar con transporte logístico propio para trasladarse a los diferentes puntos de grabación dentro del itinerario del día.

Jornada de la mañana (San José): Grabación en las oficinas de UNICEF en San José. Incluye toma de recurso visual (B-roll) de las instalaciones e interacciones, y grabación de entrevistas en formato estudio/oficina con el uso obligatorio de teleprómpter.

Acompañamiento y ruta (Cartago): Registro audiovisual del recorrido junto a la vocera/representante de UNICEF, trasladándose desde San José hasta la localidad de Cipreses de Cartago para el seguimiento y cubrimiento en campo.",día de cubrimiento,1.0,577.0,577.0,AUP-VID Video Institucional,,
GAP-HR-0093-0122,GAP-HR-0093,pa_pnud_informe_mujer19_2026,Requested,OS,"EL/LA CONTRATISTA realizará la diagramación y maquetación de un documento institucional con una extensión aproximada de quinientas (500) páginas, a partir de los textos, imágenes, tablas, gráficos, ilustraciones y demás insumos suministrados por EL CONTRATANTE. Esta labor comprende la estructuración y organización visual de los contenidos, la aplicación de estilos tipográficos y jerarquías de información, la configuración de páginas maestras, la diagramación de tablas, gráficos, imágenes y demás elementos visuales, la numeración y paginación del documento, la generación y ajuste de índices y elementos de navegación cuando aplique, así como la aplicación de la línea gráfica, manual de identidad visual y demás lineamientos editoriales proporcionados por EL CONTRATANTE. La actividad incluye la revisión integral de la composición, legibilidad, consistencia gráfica y correcta distribución de los contenidos, así como la incorporación de las observaciones y ajustes requeridos durante el proceso de revisión y aprobación.

EL/LA CONTRATISTA entregará a EL CONTRATANTE el documento diagramado y finalizado de quinientas (500) páginas en formato PDF de alta resolución, preparado para impresión profesional y/o distribución digital según los requerimientos definidos por EL CONTRATANTE, junto con una versión optimizada para su consulta y distribución electrónica. Asimismo, entregará la totalidad de los archivos maestros y proyectos editables originales mediante la carpeta de empaquetado (Package) de Adobe InDesign, incluyendo el archivo original (.INDD), la versión de compatibilidad (.IDML), la carpeta con las fuentes tipográficas utilizadas y la carpeta de vínculos (Links) con las imágenes, gráficos y demás recursos utilizados en alta resolución, así como los elementos gráficos editables que hagan parte del documento, garantizando la autonomía técnica de EL CONTRATANTE para realizar futuras modificaciones, actualizaciones, ajustes o reimpresiones del material.",Páginas,700.0,10000.0,7000000.0,DLR-BDL Maquetación,,
GAP-HR-0094-0123,GAP-HR-0094,ven_unicef_riesgos_videos_2026,Requested,OS,"EL/LA CONTRATISTA realizará la conceptualización, diseño, producción y animación de dos (2) videos animados, con una duración aproximada de dos (2) minutos cada uno, a partir de los guiones, contenidos, insumos gráficos, identidad visual y demás lineamientos suministrados por EL CONTRATANTE. Esta labor comprende la elaboración del storyboard para cada video, el diseño de los elementos gráficos y recursos visuales, la composición y animación de las escenas, la edición y sincronización de los elementos audiovisuales, la incorporación de subtítulos, narración, música, efectos y diseño sonoro cuando aplique, así como la realización de los ajustes y correcciones requeridos durante el proceso de revisión y aprobación, garantizando la coherencia visual y narrativa con los lineamientos definidos por EL CONTRATANTE.

EL/LA CONTRATISTA entregará a EL CONTRATANTE dos (2) videos animados finalizados, con una duración aproximada de dos (2) minutos cada uno, en formato MP4 (H.264), resolución Full HD (1920 x 1080 px), listos para su publicación y distribución en medios digitales. Asimismo, entregará los storyboards correspondientes en formato PDF y la totalidad de los archivos maestros y proyectos editables utilizados para la producción, incluyendo los archivos de animación y composición, recursos gráficos editables, archivos de audio, música y efectos de sonido utilizados, así como la carpeta organizada con los recursos vinculados (Assets), garantizando la autonomía técnica de EL CONTRATANTE para realizar futuras modificaciones, actualizaciones o adaptaciones de los materiales audiovisuales.",Video animado,2.0,1800000.0,3600000.0,AUP-ANV Video Animado,,
GAP-HR-0095-0124,GAP-HR-0095,ven_unicef_riesgos_videos_2026,Requested,OS,"EL/LA CONTRATISTA realizará la grabación y producción de una (1) locución profesional con una duración aproximada de dos (2) minutos, a partir del guion y contenidos suministrados por EL CONTRATANTE. Esta labor comprende la preparación y lectura interpretativa del texto, grabación en condiciones técnicas adecuadas, edición, limpieza de ruido, ecualización, compresión, nivelación y masterización de la voz, garantizando una adecuada calidad, claridad, dicción, ritmo y coherencia con el tono comunicativo definido por EL CONTRATANTE. La actividad incluye los ajustes y correcciones de interpretación que sean requeridos durante el proceso de revisión y aprobación, dentro del alcance establecido.

EL/LA CONTRATISTA entregará a EL CONTRATANTE el archivo final de la locución con una duración aproximada de dos (2) minutos, en formato WAV de alta calidad y en formato MP3 optimizado para su uso en medios digitales, debidamente editado y masterizado, listo para su integración en el producto audiovisual correspondiente. Asimismo, entregará el archivo de audio organizado y, cuando aplique, las pistas o archivos de grabación originales utilizados durante el proceso de producción.",Locución,2.0,120000.0,240000.0,AUP-POD/VID · VOV Locución,,
GAP-HR-0090-0125,GAP-HR-0090,co_pnud_sdis_cursos_2026,Requested,OS,"EL/LA CONTRATISTA realizará el desarrollo técnico, diseño gráfico e instruccional y ensamblaje de los siguientes recursos educativos digitales en la plataforma Articulate Rise: (1) Objetos Virtuales de Aprendizaje (OVA) de 25 slides. Este proceso se ejecutará a partir de los guiones, contenidos e insumos instruccionales que serán suministrados como insumo primario obligatorio. El diseño conceptual, visual e interactivo de la totalidad de los recursos deberá alinearse estrictamente con la línea gráfica institucional previamente entregada.

El alcance del desarrollo contempla un ciclo de optimización de hasta tres (3) jornadas de ajustes en total por cada recurso, distribuidas de la siguiente manera: una (1) revisión interna y dos (2) revisiones externas por parte del cliente final.

EL/LA CONTRATISTA entregará los accesos de edición y transferencia del OVA en la plataforma Rise (25 slides), junto con un repositorio organizado que contenga la totalidad de los archivos editables e insumos finales de las piezas gráficas, diagramaciones e infografías. Todo componente y entregable final deberá contar con la debida revisión y aprobación formal para su recepción a satisfacción",Desarrollo de OVAS en RISE,1.0,750000.0,750000.0,DLR-BDL Maquetación,,
GAP-HR-0090-0126,GAP-HR-0090,co_pnud_sdis_cursos_2026,Requested,OS,"EL/LA CONTRATISTA realizará el desarrollo técnico, diseño gráfico e instruccional y ensamblaje de los siguientes recursos educativos digitales en la plataforma Articulate Rise: (1) Objetos Virtuales de Aprendizaje (OVA) de 20 slides. Este proceso se ejecutará a partir de los guiones, contenidos e insumos instruccionales que serán suministrados como insumo primario obligatorio. El diseño conceptual, visual e interactivo de la totalidad de los recursos deberá alinearse estrictamente con la línea gráfica institucional previamente entregada.

El alcance del desarrollo contempla un ciclo de optimización de hasta tres (3) jornadas de ajustes en total por cada recurso, distribuidas de la siguiente manera: una (1) revisión interna y dos (2) revisiones externas por parte del cliente final.

EL/LA CONTRATISTA entregará los accesos de edición y transferencia del OVA en la plataforma Rise (20 slides), junto con un repositorio organizado que contenga la totalidad de los archivos editables e insumos finales de las piezas gráficas, diagramaciones e infografías. Todo componente y entregable final deberá contar con la debida revisión y aprobación formal para su recepción a satisfacción",Desarrollo de OVAS en RISE,1.0,650000.0,650000.0,DLR-BDL Maquetación,,
GAP-HR-0090-0127,GAP-HR-0090,co_pnud_sdis_cursos_2026,Requested,OS,"EL/LA CONTRATISTA realizará el desarrollo técnico, diseño gráfico de: diez (10) piezas gráficas adaptadas para difusión por WhatsApp, dos (2) diagramaciones de nivel medio. . Este proceso se ejecutará a partir del diseño conceptual, visual e interactivo de la totalidad de los recursos deberá alinearse estrictamente con la línea gráfica institucional previamente entregada. El alcance del desarrollo contempla un ciclo de optimización de hasta tres (3) jornadas de ajustes en total por cada recurso, distribuidas de la siguiente manera: una (1) revisión interna y dos (2) revisiones externas por parte del cliente final. EL/LA CONTRATISTA entregará los accesos de edición y transferencia de los repositorios organizados que contenga la totalidad de los archivos editables e insumos finales de las piezas gráficas, diagramaciones e infografías. Todo componente y entregable final deberá contar con la debida revisión y aprobación formal para su recepción a satisfacción",Piezas y diagramaciones,8.0,106250.0,850000.0,DLR-BDL Maquetación,,
GAP-HR-0090-0128,GAP-HR-0090,co_pnud_sdis_cursos_2026,Requested,OS,"EL/LA CONTRATISTA realizará el desarrollo técnico, diseño de: tres (3) infografías estáticas. Este proceso se ejecutará a partir de los guiones, contenidos e insumos instruccionales que serán suministrados como insumo primario obligatorio. El diseño conceptual, visual e interactivo de la totalidad de los recursos deberá alinearse estrictamente con la línea gráfica institucional previamente entregada.

El alcance del desarrollo contempla un ciclo de optimización de hasta tres (3) jornadas de ajustes en total por cada recurso, distribuidas de la siguiente manera: una (1) revisión interna y dos (2) revisiones externas por parte del cliente final. EL/LA CONTRATISTA entregará los accesos de edición y transferencia de las tres infografías junto con un repositorios organizados que contenga la totalidad de los archivos editables e insumos finales de las piezas gráficas, diagramaciones e infografías. Todo componente y entregable final deberá contar con la debida revisión y aprobación formal para su recepción a satisfacción",Inforgrafias,3.0,180000.0,540000.0,DLR-BDL Maquetación,,
GAP-HR-0096-0129,GAP-HR-0096,gq_pnud_form_ministros_v1_2025,Requested,OS,"Diseño instruccional, desarrollo y montaje de 2 objetos virtuales de aprendizaje en la plataforma Mindsmith, con base en un contenido autorial de 10 a 12 páginas, visualmente coherentes y técnicamente funcionales, alineados con los requerimientos pedagógicos, comunicativos y técnicos de los cursos para altos cargos de la Administración Pública de Guinea Ecuatorial. El trabajo deberá garantizar calidad visual, navegabilidad, pertinencia temática y cumplimiento de los estándares institucionales definidos para el proyecto.",2 objetos virtuales de aprendizaje en la plataforma Mindsmith,2.0,800000.0,1600000.0,ELS-CYD-AUT Autoría de curso,,
GAP-HR-0096-0130,GAP-HR-0096,gq_pnud_form_ministros_v1_2025,Requested,OS,"Diseño instruccional, desarrollo y montaje de 1 objeto virtual de aprendizaje en la plataforma Mindsmith, con base en un contenido autorial de 20 a 22 páginas, visualmente coherente y técnicamente funcional, alineado con los requerimientos pedagógicos, comunicativos y técnicos de los cursos para altos cargos de la Administración Pública de Guinea Ecuatorial. El trabajo deberá garantizar calidad visual, navegabilidad, pertinencia temática y cumplimiento de los estándares institucionales definidos para el proyecto.",1 objeto virtual de aprendizaje en la plataforma Mindsmith,1.0,1100000.0,1100000.0,ELS-CYD-AUT Autoría de curso,,
GAP-HR-0097-0131,GAP-HR-0097,es_santillana_richmond_2026,Requested,OS,"Realización de 9 autorías, en idioma inglés, para el desarrollo del proyecto de Richmond Solution.","Un documento autorial, en idioma inglés, con todo el planteamiento pedagógico del contenido, inclusión de material de consulta complementario, planteamiento de actividades y referenciación de fuentes bibliográficas.",9.0,750000.0,6750000.0,ELS-CYD-TRD Traducción,,
